<?xml version="1.0" encoding="utf-8"?>
<CustomPlatform>
	<Active>true</Active>
	<CreateDate>2019\08\10 13:17:52.337</CreateDate>
	<CreatedByUserID>2796</CreatedByUserID>
	<LastUpdateDate>2019\08\10 13:33:11.443</LastUpdateDate>
	<LastUpdateUserID>2796</LastUpdateUserID>
	<Name>Ambari_UKLPAPSAB24B</Name>
	<ShellPrompt>((~]#)|[$&gt;]|(~&gt;)|(~#)|(X server hostname:)|(~] #))</ShellPrompt>
	<ConfigPrompt></ConfigPrompt>
	<ElevatedPrompt></ElevatedPrompt>
	<EndOfLine>\r</EndOfLine>
	<ExitCommand>exit</ExitCommand>
    <Interrupt></Interrupt>
    <PasswordCommand></PasswordCommand>
    <Elevation>true</Elevation>
    <ElevationCommand></ElevationCommand>
    <PlatformId>1040</PlatformId>
    <Ssh>true</Ssh>
    <Port>22</Port>
    <LogonAccount>true</LogonAccount>
    <AccountNameFormatTypeFlag>true</AccountNameFormatTypeFlag>
    <SupportsJumphost>false</SupportsJumphost>
	<ExpectScriptItems>
		<ExpectScript type="Check Password">
			<ExpectScriptItem>
				<Action>0</Action>
				<ExpectType>0</ExpectType>
				<Goto>0</Goto>
				<Id>1</Id>
				<IsErrorHandler>false</IsErrorHandler>
				<IsGotoDestination>false</IsGotoDestination>
				<IsParent>true</IsParent>
				<ParentName>After login</ParentName>
				<Response></Response>
				<Stimulus></Stimulus>
				<UseErrorHandling>false</UseErrorHandling>
			</ExpectScriptItem>
			<ExpectScriptItem>
				<Action>0</Action>
				<ExpectType>0</ExpectType>
				<Goto>0</Goto>
				<Id>1</Id>
				<IsErrorHandler>false</IsErrorHandler>
				<IsGotoDestination>false</IsGotoDestination>
				<IsParent>false</IsParent>
				<ParentName>After login</ParentName>
				<Response>curl -u &lt;&lt;manacctname&gt;&gt;:&lt;&lt;manacctoldpwd&gt;&gt; http://uklpapsab24b.gdc.standardchartered.com:8080/api/v1/users/&lt;&lt;manacctname&gt;&gt;</Response>
				<Stimulus>&lt;&lt;PROMPT&gt;&gt;</Stimulus>
				<UseErrorHandling>true</UseErrorHandling>
			</ExpectScriptItem>
			<ExpectScriptItem>
				<Action>2</Action>
				<ExpectType>0</ExpectType>
				<Goto>0</Goto>
				<Id>1</Id>
				<IsErrorHandler>false</IsErrorHandler>
				<IsGotoDestination>false</IsGotoDestination>
				<IsParent>false</IsParent>
				<ParentName>After login</ParentName>
				<Response>&lt;&lt;exitcommand&gt;&gt;@Success(Password check succeeded)</Response>
				<Stimulus>user_name</Stimulus>
				<UseErrorHandling>false</UseErrorHandling>
			</ExpectScriptItem>
			<ExpectScriptItem>
				<Action>3</Action>
				<ExpectType>0</ExpectType>
				<Goto>0</Goto>
				<Id>2</Id>
				<IsErrorHandler>true</IsErrorHandler>
				<IsGotoDestination>false</IsGotoDestination>
				<IsParent>true</IsParent>
				<ParentName>Error handling</ParentName>
				<Response></Response>
				<Stimulus></Stimulus>
				<UseErrorHandling>false</UseErrorHandling>
			</ExpectScriptItem>
			<ExpectScriptItem>
				<Action>3</Action>
				<ExpectType>0</ExpectType>
				<Goto>0</Goto>
				<Id>2</Id>
				<IsErrorHandler>true</IsErrorHandler>
				<IsGotoDestination>false</IsGotoDestination>
				<IsParent>false</IsParent>
				<ParentName>Error handling</ParentName>
				<Response>&lt;&lt;exitcommand&gt;&gt;@Failure(Password check failed: Invalid password)</Response>
				<Stimulus>Unable to sign in.</Stimulus>
				<UseErrorHandling>false</UseErrorHandling>
			</ExpectScriptItem>
		</ExpectScript>
		<ExpectScript type="Change Password">
			<ExpectScriptItem>
				<Action>0</Action>
				<ExpectType>0</ExpectType>
				<Goto>0</Goto>
				<Id>1</Id>
				<IsErrorHandler>false</IsErrorHandler>
				<IsGotoDestination>false</IsGotoDestination>
				<IsParent>true</IsParent>
				<ParentName>After login</ParentName>
				<Response></Response>
				<Stimulus></Stimulus>
				<UseErrorHandling>false</UseErrorHandling>
			</ExpectScriptItem>
			<ExpectScriptItem>
				<Action>0</Action>
				<ExpectType>0</ExpectType>
				<Goto>0</Goto>
				<Id>1</Id>
				<IsErrorHandler>false</IsErrorHandler>
				<IsGotoDestination>false</IsGotoDestination>
				<IsParent>false</IsParent>
				<ParentName>After login</ParentName>
				<Response>curl -i -u &lt;&lt;manacctname&gt;&gt;:&lt;&lt;ManAcctOldPwd&gt;&gt; -H "X-Requested-By: ambari" -X PUT -d &#39;{"Users":{"user_name": "&lt;&lt;manacctname&gt;&gt;","old_password": "&lt;&lt;ManAcctOldPwd&gt;&gt;","password": "&lt;&lt;manacctnewpwd&gt;&gt;"}}&#39; http://uklpapsab24b.gdc.standardchartered.com:8080/api/v1/users/&lt;&lt;manacctname&gt;&gt;</Response>
				<Stimulus>&lt;&lt;prompt&gt;&gt;</Stimulus>
				<UseErrorHandling>true</UseErrorHandling>
			</ExpectScriptItem>
			<ExpectScriptItem>
				<Action>2</Action>
				<ExpectType>0</ExpectType>
				<Goto>0</Goto>
				<Id>1</Id>
				<IsErrorHandler>false</IsErrorHandler>
				<IsGotoDestination>false</IsGotoDestination>
				<IsParent>false</IsParent>
				<ParentName>After login</ParentName>
				<Response>&lt;&lt;exitcommand&gt;&gt;@Success(Password change succeeded)</Response>
				<Stimulus>.*200 OK.*|(?i)200 OK.|.*200 OK|(?i)200 OK</Stimulus>
				<UseErrorHandling>false</UseErrorHandling>
			</ExpectScriptItem>
			<ExpectScriptItem>
				<Action>2</Action>
				<ExpectType>0</ExpectType>
				<Goto>0</Goto>
				<Id>1</Id>
				<IsErrorHandler>false</IsErrorHandler>
				<IsGotoDestination>false</IsGotoDestination>
				<IsParent>false</IsParent>
				<ParentName>After login</ParentName>
				<Response>&lt;&lt;exitcommand&gt;&gt;@Success(Password change succeeded)</Response>
				<Stimulus>HTTP/1.1 200 OK</Stimulus>
				<UseErrorHandling>false</UseErrorHandling>
			</ExpectScriptItem>
			<ExpectScriptItem>
				<Action>3</Action>
				<ExpectType>0</ExpectType>
				<Goto>0</Goto>
				<Id>2</Id>
				<IsErrorHandler>true</IsErrorHandler>
				<IsGotoDestination>false</IsGotoDestination>
				<IsParent>true</IsParent>
				<ParentName>Error handling</ParentName>
				<Response></Response>
				<Stimulus></Stimulus>
				<UseErrorHandling>false</UseErrorHandling>
			</ExpectScriptItem>
			<ExpectScriptItem>
				<Action>3</Action>
				<ExpectType>0</ExpectType>
				<Goto>0</Goto>
				<Id>2</Id>
				<IsErrorHandler>true</IsErrorHandler>
				<IsGotoDestination>false</IsGotoDestination>
				<IsParent>false</IsParent>
				<ParentName>Error handling</ParentName>
				<Response>&lt;&lt;exitcommand&gt;&gt;@Failure(Timeout)</Response>
				<Stimulus>(?i)timeout</Stimulus>
				<UseErrorHandling>false</UseErrorHandling>
			</ExpectScriptItem>
			<ExpectScriptItem>
				<Action>3</Action>
				<ExpectType>0</ExpectType>
				<Goto>0</Goto>
				<Id>2</Id>
				<IsErrorHandler>true</IsErrorHandler>
				<IsGotoDestination>false</IsGotoDestination>
				<IsParent>false</IsParent>
				<ParentName>Error handling</ParentName>
				<Response>&lt;&lt;exitcommand&gt;&gt;@Failure(Error)</Response>
				<Stimulus>NET HELPMSG</Stimulus>
				<UseErrorHandling>false</UseErrorHandling>
			</ExpectScriptItem>
			<ExpectScriptItem>
				<Action>3</Action>
				<ExpectType>0</ExpectType>
				<Goto>0</Goto>
				<Id>2</Id>
				<IsErrorHandler>true</IsErrorHandler>
				<IsGotoDestination>false</IsGotoDestination>
				<IsParent>false</IsParent>
				<ParentName>Error handling</ParentName>
				<Response>&lt;&lt;exitcommand&gt;&gt;@Failure(An internal system exception occurred: Wrong current password provided)</Response>
				<Stimulus>Wrong current password provided</Stimulus>
				<UseErrorHandling>false</UseErrorHandling>
			</ExpectScriptItem>
			<ExpectScriptItem>
				<Action>3</Action>
				<ExpectType>0</ExpectType>
				<Goto>0</Goto>
				<Id>2</Id>
				<IsErrorHandler>true</IsErrorHandler>
				<IsGotoDestination>false</IsGotoDestination>
				<IsParent>false</IsParent>
				<ParentName>Error handling</ParentName>
				<Response>&lt;&lt;exitcommand&gt;&gt;@Failure(Unable to sign in. Invalid username/password combination)</Response>
				<Stimulus>Invalid username/password combination</Stimulus>
				<UseErrorHandling>false</UseErrorHandling>
			</ExpectScriptItem>
			<ExpectScriptItem>
				<Action>3</Action>
				<ExpectType>0</ExpectType>
				<Goto>0</Goto>
				<Id>2</Id>
				<IsErrorHandler>true</IsErrorHandler>
				<IsGotoDestination>false</IsGotoDestination>
				<IsParent>false</IsParent>
				<ParentName>Error handling</ParentName>
				<Response>&lt;&lt;exitcommand&gt;&gt;@Failure(Error)</Response>
				<Stimulus>The syntax of this command</Stimulus>
				<UseErrorHandling>false</UseErrorHandling>
			</ExpectScriptItem>
			<ExpectScriptItem>
				<Action>3</Action>
				<ExpectType>0</ExpectType>
				<Goto>0</Goto>
				<Id>2</Id>
				<IsErrorHandler>true</IsErrorHandler>
				<IsGotoDestination>false</IsGotoDestination>
				<IsParent>false</IsParent>
				<ParentName>Error handling</ParentName>
				<Response>&lt;&lt;exitcommand&gt;&gt;@Failure(curl: (7) couldn&#39;t connect to host)</Response>
				<Stimulus>couldn&#39;t connect to host</Stimulus>
				<UseErrorHandling>false</UseErrorHandling>
			</ExpectScriptItem>
		</ExpectScript>
		<ExpectScript type="Replace Public Key">
			<ExpectScriptItem>
				<Action>0</Action>
				<ExpectType>0</ExpectType>
				<Goto>0</Goto>
				<Id>1</Id>
				<IsErrorHandler>false</IsErrorHandler>
				<IsGotoDestination>false</IsGotoDestination>
				<IsParent>true</IsParent>
				<ParentName>After login</ParentName>
				<Response></Response>
				<Stimulus></Stimulus>
				<UseErrorHandling>false</UseErrorHandling>
			</ExpectScriptItem>
			<ExpectScriptItem>
				<Action>0</Action>
				<ExpectType>0</ExpectType>
				<Goto>0</Goto>
				<Id>1</Id>
				<IsErrorHandler>false</IsErrorHandler>
				<IsGotoDestination>false</IsGotoDestination>
				<IsParent>false</IsParent>
				<ParentName>After login</ParentName>
				<Response>&lt;&lt;elevationcommand&gt;&gt; sed -i &#39;\|&lt;&lt;oldpubkey&gt;&gt;|d&#39; ~&lt;&lt;manacctname&gt;&gt;/.ssh/authorized_keys</Response>
				<Stimulus>&lt;&lt;PROMPT&gt;&gt;</Stimulus>
				<UseErrorHandling>true</UseErrorHandling>
			</ExpectScriptItem>
			<ExpectScriptItem>
				<Action>0</Action>
				<ExpectType>0</ExpectType>
				<Goto>0</Goto>
				<Id>1</Id>
				<IsErrorHandler>false</IsErrorHandler>
				<IsGotoDestination>false</IsGotoDestination>
				<IsParent>false</IsParent>
				<ParentName>After login</ParentName>
				<Response>echo &lt;&lt;newpubkey&gt;&gt;|&lt;&lt;elevationcommand&gt;&gt; tee -a ~&lt;&lt;manacctname&gt;&gt;/.ssh/authorized_keys</Response>
				<Stimulus>&lt;&lt;PROMPT&gt;&gt;</Stimulus>
				<UseErrorHandling>true</UseErrorHandling>
			</ExpectScriptItem>
			<ExpectScriptItem>
				<Action>2</Action>
				<ExpectType>0</ExpectType>
				<Goto>0</Goto>
				<Id>1</Id>
				<IsErrorHandler>false</IsErrorHandler>
				<IsGotoDestination>false</IsGotoDestination>
				<IsParent>false</IsParent>
				<ParentName>After login</ParentName>
				<Response>&lt;&lt;exitcommand&gt;&gt;@Success(Store public key succeeded)</Response>
				<Stimulus>&lt;&lt;PROMPT&gt;&gt;</Stimulus>
				<UseErrorHandling>false</UseErrorHandling>
			</ExpectScriptItem>
			<ExpectScriptItem>
				<Action>3</Action>
				<ExpectType>0</ExpectType>
				<Goto>0</Goto>
				<Id>2</Id>
				<IsErrorHandler>true</IsErrorHandler>
				<IsGotoDestination>false</IsGotoDestination>
				<IsParent>true</IsParent>
				<ParentName>Error handling</ParentName>
				<Response></Response>
				<Stimulus></Stimulus>
				<UseErrorHandling>false</UseErrorHandling>
			</ExpectScriptItem>
			<ExpectScriptItem>
				<Action>3</Action>
				<ExpectType>0</ExpectType>
				<Goto>0</Goto>
				<Id>2</Id>
				<IsErrorHandler>true</IsErrorHandler>
				<IsGotoDestination>false</IsGotoDestination>
				<IsParent>false</IsParent>
				<ParentName>Error handling</ParentName>
				<Response>&lt;&lt;exitcommand&gt;&gt;@Failure(Remove public key failed: Access denied)</Response>
				<Stimulus>([Dd]enied)|([Cc]an&#39;t open)|([Cc]annot open)</Stimulus>
				<UseErrorHandling>false</UseErrorHandling>
			</ExpectScriptItem>
			<ExpectScriptItem>
				<Action>3</Action>
				<ExpectType>0</ExpectType>
				<Goto>0</Goto>
				<Id>2</Id>
				<IsErrorHandler>true</IsErrorHandler>
				<IsGotoDestination>false</IsGotoDestination>
				<IsParent>false</IsParent>
				<ParentName>Error handling</ParentName>
				<Response>&lt;&lt;exitcommand&gt;&gt;@Failure(Remove public key failed: File or directory does not exist)</Response>
				<Stimulus>([Cc]an&#39;t read)|([Nn]o such file or directory)</Stimulus>
				<UseErrorHandling>false</UseErrorHandling>
			</ExpectScriptItem>
		</ExpectScript>
	</ExpectScriptItems>
	<Template>{
	"description":"",
	"name":"Ambari_UKLPAPSAB24B",
	"properties":{},
	"tags":{"funcacctname":"",
	"funcacctpwd":"",
	"funcacctkey":"",
	"funcacctkeypass":"",
	"address":"",
	"elevationcommand":"",
	"port":"22",
	"assetname":"",
	"manacctname":"",
	"manacctoldpwd":"",
	"manacctoldkey":"",
	"manacctoldkeypass":"",
	"manacctnewpwd":"",
	"endofline":"\u000d",
	"exitcommand":"exit",
	"interrupt":"",
	"passwordcommand":"", "timeout":"20000",
	"prompt":"((~]#)|[$&gt;]|(~&gt;)|(~#)|(X server hostname:)|(~] #))",
	"configureprompt":"",
	"elevatedprompt":"",
	"enablepassword":"",
	"loginusername":"",
	"loginuserpwd":"",
	"loginuserkey":"",
	"loginuserkeypass":"",
	"custommetadata":"[{\"Action\":0,\"ExpectType\":0,\"Goto\":0,\"Id\":1,\"IsErrorHandler\":false,\"IsGotoDestination\":false,\"IsParent\":true,\"ParentName\":\"After login\",\"Response\":\"\",\"Stimulus\":\"\",\"UseErrorHandling\":false},{\"Action\":0,\"ExpectType\":0,\"Goto\":0,\"Id\":1,\"IsErrorHandler\":false,\"IsGotoDestination\":false,\"IsParent\":false,\"ParentName\":\"After login\",\"Response\":\"curl -i -u &lt;&lt;manacctname&gt;&gt;:&lt;&lt;ManAcctOldPwd&gt;&gt; -H \\\"X-Requested-By: ambari\\\" -X PUT -d &#39;{\\\"Users\\\":{\\\"user_name\\\": \\\"&lt;&lt;manacctname&gt;&gt;\\\",\\\"old_password\\\": \\\"&lt;&lt;ManAcctOldPwd&gt;&gt;\\\",\\\"password\\\": \\\"&lt;&lt;manacctnewpwd&gt;&gt;\\\"}}&#39; http:\\\/\\\/uklpapsab24b.gdc.standardchartered.com:8080\\\/api\\\/v1\\\/users\\\/&lt;&lt;manacctname&gt;&gt;\",\"Stimulus\":\"&lt;&lt;prompt&gt;&gt;\",\"UseErrorHandling\":true},{\"Action\":2,\"ExpectType\":0,\"Goto\":0,\"Id\":1,\"IsErrorHandler\":false,\"IsGotoDestination\":false,\"IsParent\":false,\"ParentName\":\"After login\",\"Response\":\"&lt;&lt;exitcommand&gt;&gt;@Success(Password change succeeded)\",\"Stimulus\":\".*200 OK.*|(?i)200 OK.|.*200 OK|(?i)200 OK\",\"UseErrorHandling\":false},{\"Action\":2,\"ExpectType\":0,\"Goto\":0,\"Id\":1,\"IsErrorHandler\":false,\"IsGotoDestination\":false,\"IsParent\":false,\"ParentName\":\"After login\",\"Response\":\"&lt;&lt;exitcommand&gt;&gt;@Success(Password change succeeded)\",\"Stimulus\":\"HTTP\\\/1.1 200 OK\",\"UseErrorHandling\":false},{\"Action\":3,\"ExpectType\":0,\"Goto\":0,\"Id\":2,\"IsErrorHandler\":true,\"IsGotoDestination\":false,\"IsParent\":true,\"ParentName\":\"Error handling\",\"Response\":\"\",\"Stimulus\":\"\",\"UseErrorHandling\":false},{\"Action\":3,\"ExpectType\":0,\"Goto\":0,\"Id\":2,\"IsErrorHandler\":true,\"IsGotoDestination\":false,\"IsParent\":false,\"ParentName\":\"Error handling\",\"Response\":\"&lt;&lt;exitcommand&gt;&gt;@Failure(Timeout)\",\"Stimulus\":\"(?i)timeout\",\"UseErrorHandling\":false},{\"Action\":3,\"ExpectType\":0,\"Goto\":0,\"Id\":2,\"IsErrorHandler\":true,\"IsGotoDestination\":false,\"IsParent\":false,\"ParentName\":\"Error handling\",\"Response\":\"&lt;&lt;exitcommand&gt;&gt;@Failure(Error)\",\"Stimulus\":\"NET HELPMSG\",\"UseErrorHandling\":false},{\"Action\":3,\"ExpectType\":0,\"Goto\":0,\"Id\":2,\"IsErrorHandler\":true,\"IsGotoDestination\":false,\"IsParent\":false,\"ParentName\":\"Error handling\",\"Response\":\"&lt;&lt;exitcommand&gt;&gt;@Failure(An internal system exception occurred: Wrong current password provided)\",\"Stimulus\":\"Wrong current password provided\",\"UseErrorHandling\":false},{\"Action\":3,\"ExpectType\":0,\"Goto\":0,\"Id\":2,\"IsErrorHandler\":true,\"IsGotoDestination\":false,\"IsParent\":false,\"ParentName\":\"Error handling\",\"Response\":\"&lt;&lt;exitcommand&gt;&gt;@Failure(Unable to sign in. Invalid username\\\/password combination)\",\"Stimulus\":\"Invalid username\\\/password combination\",\"UseErrorHandling\":false},{\"Action\":3,\"ExpectType\":0,\"Goto\":0,\"Id\":2,\"IsErrorHandler\":true,\"IsGotoDestination\":false,\"IsParent\":false,\"ParentName\":\"Error handling\",\"Response\":\"&lt;&lt;exitcommand&gt;&gt;@Failure(Error)\",\"Stimulus\":\"The syntax of this command\",\"UseErrorHandling\":false},{\"Action\":3,\"ExpectType\":0,\"Goto\":0,\"Id\":2,\"IsErrorHandler\":true,\"IsGotoDestination\":false,\"IsParent\":false,\"ParentName\":\"Error handling\",\"Response\":\"&lt;&lt;exitcommand&gt;&gt;@Failure(curl: (7) couldn&#39;t connect to host)\",\"Stimulus\":\"couldn&#39;t connect to host\",\"UseErrorHandling\":false}]",
	"custommetadatacheckpassword":"[{\"Action\":0,\"ExpectType\":0,\"Goto\":0,\"Id\":1,\"IsErrorHandler\":false,\"IsGotoDestination\":false,\"IsParent\":true,\"ParentName\":\"After login\",\"Response\":\"\",\"Stimulus\":\"\",\"UseErrorHandling\":false},{\"Action\":0,\"ExpectType\":0,\"Goto\":0,\"Id\":1,\"IsErrorHandler\":false,\"IsGotoDestination\":false,\"IsParent\":false,\"ParentName\":\"After login\",\"Response\":\"curl -u &lt;&lt;manacctname&gt;&gt;:&lt;&lt;manacctoldpwd&gt;&gt; http:\\\/\\\/uklpapsab24b.gdc.standardchartered.com:8080\\\/api\\\/v1\\\/users\\\/&lt;&lt;manacctname&gt;&gt;\",\"Stimulus\":\"&lt;&lt;PROMPT&gt;&gt;\",\"UseErrorHandling\":true},{\"Action\":2,\"ExpectType\":0,\"Goto\":0,\"Id\":1,\"IsErrorHandler\":false,\"IsGotoDestination\":false,\"IsParent\":false,\"ParentName\":\"After login\",\"Response\":\"&lt;&lt;exitcommand&gt;&gt;@Success(Password check succeeded)\",\"Stimulus\":\"user_name\",\"UseErrorHandling\":false},{\"Action\":3,\"ExpectType\":0,\"Goto\":0,\"Id\":2,\"IsErrorHandler\":true,\"IsGotoDestination\":false,\"IsParent\":true,\"ParentName\":\"Error handling\",\"Response\":\"\",\"Stimulus\":\"\",\"UseErrorHandling\":false},{\"Action\":3,\"ExpectType\":0,\"Goto\":0,\"Id\":2,\"IsErrorHandler\":true,\"IsGotoDestination\":false,\"IsParent\":false,\"ParentName\":\"Error handling\",\"Response\":\"&lt;&lt;exitcommand&gt;&gt;@Failure(Password check failed: Invalid password)\",\"Stimulus\":\"Unable to sign in.\",\"UseErrorHandling\":false}]",
	"custommetadatareplacepublickey":"[{\"Action\":0,\"ExpectType\":0,\"Goto\":0,\"Id\":1,\"IsErrorHandler\":false,\"IsGotoDestination\":false,\"IsParent\":true,\"ParentName\":\"After login\",\"Response\":\"\",\"Stimulus\":\"\",\"UseErrorHandling\":false},{\"Action\":0,\"ExpectType\":0,\"Goto\":0,\"Id\":1,\"IsErrorHandler\":false,\"IsGotoDestination\":false,\"IsParent\":false,\"ParentName\":\"After login\",\"Response\":\"&lt;&lt;elevationcommand&gt;&gt; sed -i &#39;\\\\|&lt;&lt;oldpubkey&gt;&gt;|d&#39; ~&lt;&lt;manacctname&gt;&gt;\\\/.ssh\\\/authorized_keys\",\"Stimulus\":\"&lt;&lt;PROMPT&gt;&gt;\",\"UseErrorHandling\":true},{\"Action\":0,\"ExpectType\":0,\"Goto\":0,\"Id\":1,\"IsErrorHandler\":false,\"IsGotoDestination\":false,\"IsParent\":false,\"ParentName\":\"After login\",\"Response\":\"echo &lt;&lt;newpubkey&gt;&gt;|&lt;&lt;elevationcommand&gt;&gt; tee -a ~&lt;&lt;manacctname&gt;&gt;\\\/.ssh\\\/authorized_keys\",\"Stimulus\":\"&lt;&lt;PROMPT&gt;&gt;\",\"UseErrorHandling\":true},{\"Action\":2,\"ExpectType\":0,\"Goto\":0,\"Id\":1,\"IsErrorHandler\":false,\"IsGotoDestination\":false,\"IsParent\":false,\"ParentName\":\"After login\",\"Response\":\"&lt;&lt;exitcommand&gt;&gt;@Success(Store public key succeeded)\",\"Stimulus\":\"&lt;&lt;PROMPT&gt;&gt;\",\"UseErrorHandling\":false},{\"Action\":3,\"ExpectType\":0,\"Goto\":0,\"Id\":2,\"IsErrorHandler\":true,\"IsGotoDestination\":false,\"IsParent\":true,\"ParentName\":\"Error handling\",\"Response\":\"\",\"Stimulus\":\"\",\"UseErrorHandling\":false},{\"Action\":3,\"ExpectType\":0,\"Goto\":0,\"Id\":2,\"IsErrorHandler\":true,\"IsGotoDestination\":false,\"IsParent\":false,\"ParentName\":\"Error handling\",\"Response\":\"&lt;&lt;exitcommand&gt;&gt;@Failure(Remove public key failed: Access denied)\",\"Stimulus\":\"([Dd]enied)|([Cc]an&#39;t open)|([Cc]annot open)\",\"UseErrorHandling\":false},{\"Action\":3,\"ExpectType\":0,\"Goto\":0,\"Id\":2,\"IsErrorHandler\":true,\"IsGotoDestination\":false,\"IsParent\":false,\"ParentName\":\"Error handling\",\"Response\":\"&lt;&lt;exitcommand&gt;&gt;@Failure(Remove public key failed: File or directory does not exist)\",\"Stimulus\":\"([Cc]an&#39;t read)|([Nn]o such file or directory)\",\"UseErrorHandling\":false}]"},
	"work":[
			{"expect":[
				{"char_delay":-1,"expect":[
				{"char_delay":-1,"expect":[],"id":"", "line_delay":-1,"response":"&lt;&lt;exitcommand&gt;&gt;@Failure(Timeout)", "stimulus":"@RE((?i)timeout)", "timeout":0},
				{"char_delay":-1,"expect":[],"id":"", "line_delay":-1,"response":"&lt;&lt;exitcommand&gt;&gt;@Failure(Error)", "stimulus":"@RE(NET HELPMSG)", "timeout":0},
				{"char_delay":-1,"expect":[],"id":"", "line_delay":-1,"response":"&lt;&lt;exitcommand&gt;&gt;@Failure(An internal system exception occurred: Wrong current password provided)", "stimulus":"@RE(Wrong current password provided)", "timeout":0},
				{"char_delay":-1,"expect":[],"id":"", "line_delay":-1,"response":"&lt;&lt;exitcommand&gt;&gt;@Failure(Unable to sign in. Invalid username\/password combination)", "stimulus":"@RE(Invalid username\/password combination)", "timeout":0},
				{"char_delay":-1,"expect":[],"id":"", "line_delay":-1,"response":"&lt;&lt;exitcommand&gt;&gt;@Failure(Error)", "stimulus":"@RE(The syntax of this command)", "timeout":0},
				{"char_delay":-1,"expect":[],"id":"", "line_delay":-1,"response":"&lt;&lt;exitcommand&gt;&gt;@Failure(curl: (7) couldn&#39;t connect to host)", "stimulus":"@RE(couldn&#39;t connect to host)", "timeout":0},
				{"char_delay":-1,"expect":[
				{"char_delay":-1,"expect":[],"id":"", "line_delay":-1,"response":"&lt;&lt;exitcommand&gt;&gt;@Success(Password change succeeded)", "stimulus":"@RE(HTTP\/1.1 200 OK)", "timeout":-1}],
	"id":"", "line_delay":-1,"response":"&lt;&lt;exitcommand&gt;&gt;@Success(Password change succeeded)", "stimulus":"@RE(.*200 OK.*|(?i)200 OK.|.*200 OK|(?i)200 OK)", "timeout":-1}],
	"id":"", "line_delay":-1,"response":"curl -i -u &lt;&lt;manacctname&gt;&gt;:&lt;&lt;ManAcctOldPwd&gt;&gt; -H \"X-Requested-By: ambari\" -X PUT -d &#39;{\"Users\":{\"user_name\": \"&lt;&lt;manacctname&gt;&gt;\",\"old_password\": \"&lt;&lt;ManAcctOldPwd&gt;&gt;\",\"password\": \"&lt;&lt;manacctnewpwd&gt;&gt;\"}}&#39; http:\/\/uklpapsab24b.gdc.standardchartered.com:8080\/api\/v1\/users\/&lt;&lt;manacctname&gt;&gt;&lt;&lt;endofline&gt;&gt;", "stimulus":"@RE(&lt;&lt;prompt&gt;&gt;)", "timeout":-1}],
	"name":"ChangePassword",
	"type":1},{"expect":[
				{"char_delay":-1,"expect":[
				{"char_delay":-1,"expect":[],"id":"", "line_delay":-1,"response":"&lt;&lt;exitcommand&gt;&gt;@Failure(Password check failed: Invalid password)", "stimulus":"@RE(Unable to sign in.)", "timeout":0},
				{"char_delay":-1,"expect":[],"id":"", "line_delay":-1,"response":"&lt;&lt;exitcommand&gt;&gt;@Success(Password check succeeded)", "stimulus":"@RE(user_name)", "timeout":-1}],
	"id":"", "line_delay":-1,"response":"curl -u &lt;&lt;manacctname&gt;&gt;:&lt;&lt;manacctoldpwd&gt;&gt; http:\/\/uklpapsab24b.gdc.standardchartered.com:8080\/api\/v1\/users\/&lt;&lt;manacctname&gt;&gt;&lt;&lt;endofline&gt;&gt;", "stimulus":"@RE(&lt;&lt;PROMPT&gt;&gt;)", "timeout":-1}],
	"name":"CheckPassword",
	"type":2},{"expect":[
				{"char_delay":-1,"expect":[
				{"char_delay":-1,"expect":[],"id":"", "line_delay":-1,"response":"&lt;&lt;exitcommand&gt;&gt;@Failure(Remove public key failed: Access denied)", "stimulus":"@RE(([Dd]enied)|([Cc]an&#39;t open)|([Cc]annot open))", "timeout":0},
				{"char_delay":-1,"expect":[],"id":"", "line_delay":-1,"response":"&lt;&lt;exitcommand&gt;&gt;@Failure(Remove public key failed: File or directory does not exist)", "stimulus":"@RE(([Cc]an&#39;t read)|([Nn]o such file or directory))", "timeout":0},
				{"char_delay":-1,"expect":[
				{"char_delay":-1,"expect":[],"id":"", "line_delay":-1,"response":"&lt;&lt;exitcommand&gt;&gt;@Failure(Remove public key failed: Access denied)", "stimulus":"@RE(([Dd]enied)|([Cc]an&#39;t open)|([Cc]annot open))", "timeout":0},
				{"char_delay":-1,"expect":[],"id":"", "line_delay":-1,"response":"&lt;&lt;exitcommand&gt;&gt;@Failure(Remove public key failed: File or directory does not exist)", "stimulus":"@RE(([Cc]an&#39;t read)|([Nn]o such file or directory))", "timeout":0},
				{"char_delay":-1,"expect":[],"id":"", "line_delay":-1,"response":"&lt;&lt;exitcommand&gt;&gt;@Success(Store public key succeeded)", "stimulus":"@RE(&lt;&lt;PROMPT&gt;&gt;)", "timeout":-1}],
	"id":"", "line_delay":-1,"response":"echo &lt;&lt;newpubkey&gt;&gt;|&lt;&lt;elevationcommand&gt;&gt; tee -a ~&lt;&lt;manacctname&gt;&gt;\/.ssh\/authorized_keys&lt;&lt;endofline&gt;&gt;", "stimulus":"@RE(&lt;&lt;PROMPT&gt;&gt;)", "timeout":-1}],
	"id":"", "line_delay":-1,"response":"&lt;&lt;elevationcommand&gt;&gt; sed -i &#39;\\|&lt;&lt;oldpubkey&gt;&gt;|d&#39; ~&lt;&lt;manacctname&gt;&gt;\/.ssh\/authorized_keys&lt;&lt;endofline&gt;&gt;", "stimulus":"@RE(&lt;&lt;PROMPT&gt;&gt;)", "timeout":-1}],
	"name":"ReplacePublicKey",
	"type":4}]}</Template>
</CustomPlatform>
