<?xml version="1.0" encoding="utf-8"?>
<CustomPlatform>
	<Active>true</Active>
	<CreateDate>2014\05\17 8:0:0.0</CreateDate>
	<CreatedByUserID>0</CreatedByUserID>
	<LastUpdateDate>2014\05\17 8:0:0.0</LastUpdateDate>
	<LastUpdateUserID>0</LastUpdateUserID>
	<Name>HP iLO</Name>
	<ShellPrompt>&lt;/.*&gt;hpiLO-&gt;</ShellPrompt>
	<ConfigPrompt></ConfigPrompt>
	<ElevatedPrompt></ElevatedPrompt>
	<EndOfLine>\r</EndOfLine>
	<ExitCommand>exit</ExitCommand>
    <Interrupt>&lt;&lt;ctrl-d&gt;&gt;</Interrupt>
    <PasswordCommand></PasswordCommand>
    <Elevation>false</Elevation>
    <ElevationCommand></ElevationCommand>
    <PlatformId>24</PlatformId>
    <Ssh>true</Ssh>
    <Port>22</Port>
    <LogonAccount>false</LogonAccount>
    <AccountNameFormatTypeFlag>false</AccountNameFormatTypeFlag>
    <SupportsJumphost>false</SupportsJumphost>
	<ExpectScriptItems>
		<ExpectScript type="Check Password">
			<ExpectScriptItem>
				<Action>0</Action>
				<ExpectType>0</ExpectType>
				<Goto>0</Goto>
				<Id>1</Id>
				<IsErrorHandler>false</IsErrorHandler>
				<IsGotoDestination>false</IsGotoDestination>
				<IsParent>true</IsParent>
				<ParentName>After login</ParentName>
				<Response></Response>
				<Stimulus></Stimulus>
				<UseErrorHandling>false</UseErrorHandling>
			</ExpectScriptItem>
			<ExpectScriptItem>
				<Action>2</Action>
				<ExpectType>0</ExpectType>
				<Goto>0</Goto>
				<Id>1</Id>
				<IsErrorHandler>false</IsErrorHandler>
				<IsGotoDestination>false</IsGotoDestination>
				<IsParent>false</IsParent>
				<ParentName>After login</ParentName>
				<Response>&lt;&lt;exitcommand&gt;&gt;@Success(Password check succeeded)</Response>
				<Stimulus>&lt;&lt;PROMPT&gt;&gt;</Stimulus>
				<UseErrorHandling>false</UseErrorHandling>
			</ExpectScriptItem>
			<ExpectScriptItem>
				<Action>3</Action>
				<ExpectType>0</ExpectType>
				<Goto>0</Goto>
				<Id>2</Id>
				<IsErrorHandler>true</IsErrorHandler>
				<IsGotoDestination>false</IsGotoDestination>
				<IsParent>true</IsParent>
				<ParentName>Error handling</ParentName>
				<Response></Response>
				<Stimulus></Stimulus>
				<UseErrorHandling>false</UseErrorHandling>
			</ExpectScriptItem>
			<ExpectScriptItem>
				<Action>3</Action>
				<ExpectType>0</ExpectType>
				<Goto>0</Goto>
				<Id>2</Id>
				<IsErrorHandler>true</IsErrorHandler>
				<IsGotoDestination>false</IsGotoDestination>
				<IsParent>false</IsParent>
				<ParentName>Error handling</ParentName>
				<Response>&lt;&lt;Interrupt&gt;&gt;&lt;&lt;exitcommand&gt;&gt;@Failure(Password change failed: Timeout)</Response>
				<Stimulus>(?i)timeout</Stimulus>
				<UseErrorHandling>false</UseErrorHandling>
			</ExpectScriptItem>
		</ExpectScript>
		<ExpectScript type="Change Password">
			<ExpectScriptItem>
				<Action>0</Action>
				<ExpectType>0</ExpectType>
				<Goto>0</Goto>
				<Id>1</Id>
				<IsErrorHandler>false</IsErrorHandler>
				<IsGotoDestination>false</IsGotoDestination>
				<IsParent>true</IsParent>
				<ParentName>After login</ParentName>
				<Response></Response>
				<Stimulus></Stimulus>
				<UseErrorHandling>false</UseErrorHandling>
			</ExpectScriptItem>
			<ExpectScriptItem>
				<Action>0</Action>
				<ExpectType>0</ExpectType>
				<Goto>0</Goto>
				<Id>1</Id>
				<IsErrorHandler>false</IsErrorHandler>
				<IsGotoDestination>false</IsGotoDestination>
				<IsParent>false</IsParent>
				<ParentName>After login</ParentName>
				<Response>cd /map1/accounts/&lt;&lt;ManAcctName&gt;&gt;</Response>
				<Stimulus>&lt;&lt;PROMPT&gt;&gt;</Stimulus>
				<UseErrorHandling>true</UseErrorHandling>
			</ExpectScriptItem>
			<ExpectScriptItem>
				<Action>1</Action>
				<ExpectType>0</ExpectType>
				<Goto>3</Goto>
				<Id>1</Id>
				<IsErrorHandler>false</IsErrorHandler>
				<IsGotoDestination>false</IsGotoDestination>
				<IsParent>false</IsParent>
				<ParentName>After login</ParentName>
				<Response></Response>
				<Stimulus>status=0</Stimulus>
				<UseErrorHandling>true</UseErrorHandling>
			</ExpectScriptItem>
			<ExpectScriptItem>
				<Action>1</Action>
				<ExpectType>0</ExpectType>
				<Goto>4</Goto>
				<Id>1</Id>
				<IsErrorHandler>false</IsErrorHandler>
				<IsGotoDestination>false</IsGotoDestination>
				<IsParent>false</IsParent>
				<ParentName>After login</ParentName>
				<Response>&lt;&lt;cr&gt;&gt;</Response>
				<Stimulus>status=2</Stimulus>
				<UseErrorHandling>true</UseErrorHandling>
			</ExpectScriptItem>
			<ExpectScriptItem>
				<Action>0</Action>
				<ExpectType>0</ExpectType>
				<Goto>0</Goto>
				<Id>3</Id>
				<IsErrorHandler>false</IsErrorHandler>
				<IsGotoDestination>true</IsGotoDestination>
				<IsParent>true</IsParent>
				<ParentName>Statement Group: 1</ParentName>
				<Response></Response>
				<Stimulus></Stimulus>
				<UseErrorHandling>false</UseErrorHandling>
			</ExpectScriptItem>
			<ExpectScriptItem>
				<Action>0</Action>
				<ExpectType>0</ExpectType>
				<Goto>0</Goto>
				<Id>3</Id>
				<IsErrorHandler>false</IsErrorHandler>
				<IsGotoDestination>true</IsGotoDestination>
				<IsParent>false</IsParent>
				<ParentName>Statement Group: 1</ParentName>
				<Response>&lt;&lt;cr&gt;&gt;</Response>
				<Stimulus></Stimulus>
				<UseErrorHandling>true</UseErrorHandling>
			</ExpectScriptItem>
			<ExpectScriptItem>
				<Action>0</Action>
				<ExpectType>0</ExpectType>
				<Goto>0</Goto>
				<Id>3</Id>
				<IsErrorHandler>false</IsErrorHandler>
				<IsGotoDestination>false</IsGotoDestination>
				<IsParent>false</IsParent>
				<ParentName>Statement Group: 1</ParentName>
				<Response>set password=&lt;&lt;ManAcctNewPwd&gt;&gt;</Response>
				<Stimulus>&lt;&lt;PROMPT&gt;&gt;</Stimulus>
				<UseErrorHandling>true</UseErrorHandling>
			</ExpectScriptItem>
			<ExpectScriptItem>
				<Action>2</Action>
				<ExpectType>0</ExpectType>
				<Goto>0</Goto>
				<Id>3</Id>
				<IsErrorHandler>false</IsErrorHandler>
				<IsGotoDestination>false</IsGotoDestination>
				<IsParent>false</IsParent>
				<ParentName>Statement Group: 1</ParentName>
				<Response>&lt;&lt;exitcommand&gt;&gt;@Success(Password change succeeded)</Response>
				<Stimulus>status=0</Stimulus>
				<UseErrorHandling>false</UseErrorHandling>
			</ExpectScriptItem>
			<ExpectScriptItem>
				<Action>0</Action>
				<ExpectType>0</ExpectType>
				<Goto>0</Goto>
				<Id>4</Id>
				<IsErrorHandler>false</IsErrorHandler>
				<IsGotoDestination>true</IsGotoDestination>
				<IsParent>true</IsParent>
				<ParentName>Statement Group: 2</ParentName>
				<Response></Response>
				<Stimulus></Stimulus>
				<UseErrorHandling>false</UseErrorHandling>
			</ExpectScriptItem>
			<ExpectScriptItem>
				<Action>0</Action>
				<ExpectType>0</ExpectType>
				<Goto>0</Goto>
				<Id>4</Id>
				<IsErrorHandler>false</IsErrorHandler>
				<IsGotoDestination>true</IsGotoDestination>
				<IsParent>false</IsParent>
				<ParentName>Statement Group: 2</ParentName>
				<Response>&lt;&lt;cr&gt;&gt;</Response>
				<Stimulus></Stimulus>
				<UseErrorHandling>true</UseErrorHandling>
			</ExpectScriptItem>
			<ExpectScriptItem>
				<Action>0</Action>
				<ExpectType>0</ExpectType>
				<Goto>0</Goto>
				<Id>4</Id>
				<IsErrorHandler>false</IsErrorHandler>
				<IsGotoDestination>false</IsGotoDestination>
				<IsParent>false</IsParent>
				<ParentName>Statement Group: 2</ParentName>
				<Response>cd /map1/accounts1/&lt;&lt;ManAcctName&gt;&gt;</Response>
				<Stimulus>&lt;&lt;PROMPT&gt;&gt;</Stimulus>
				<UseErrorHandling>true</UseErrorHandling>
			</ExpectScriptItem>
			<ExpectScriptItem>
				<Action>0</Action>
				<ExpectType>0</ExpectType>
				<Goto>0</Goto>
				<Id>4</Id>
				<IsErrorHandler>false</IsErrorHandler>
				<IsGotoDestination>false</IsGotoDestination>
				<IsParent>false</IsParent>
				<ParentName>Statement Group: 2</ParentName>
				<Response>&lt;&lt;cr&gt;&gt;</Response>
				<Stimulus>status=0</Stimulus>
				<UseErrorHandling>true</UseErrorHandling>
			</ExpectScriptItem>
			<ExpectScriptItem>
				<Action>0</Action>
				<ExpectType>0</ExpectType>
				<Goto>0</Goto>
				<Id>4</Id>
				<IsErrorHandler>false</IsErrorHandler>
				<IsGotoDestination>false</IsGotoDestination>
				<IsParent>false</IsParent>
				<ParentName>Statement Group: 2</ParentName>
				<Response>set password=&lt;&lt;ManAcctNewPwd&gt;&gt;</Response>
				<Stimulus>&lt;&lt;PROMPT&gt;&gt;</Stimulus>
				<UseErrorHandling>true</UseErrorHandling>
			</ExpectScriptItem>
			<ExpectScriptItem>
				<Action>2</Action>
				<ExpectType>0</ExpectType>
				<Goto>0</Goto>
				<Id>4</Id>
				<IsErrorHandler>false</IsErrorHandler>
				<IsGotoDestination>false</IsGotoDestination>
				<IsParent>false</IsParent>
				<ParentName>Statement Group: 2</ParentName>
				<Response>&lt;&lt;exitcommand&gt;&gt;@Success(Password change succeeded)</Response>
				<Stimulus>status=0</Stimulus>
				<UseErrorHandling>false</UseErrorHandling>
			</ExpectScriptItem>
			<ExpectScriptItem>
				<Action>3</Action>
				<ExpectType>0</ExpectType>
				<Goto>0</Goto>
				<Id>2</Id>
				<IsErrorHandler>true</IsErrorHandler>
				<IsGotoDestination>false</IsGotoDestination>
				<IsParent>true</IsParent>
				<ParentName>Error handling</ParentName>
				<Response></Response>
				<Stimulus></Stimulus>
				<UseErrorHandling>false</UseErrorHandling>
			</ExpectScriptItem>
			<ExpectScriptItem>
				<Action>3</Action>
				<ExpectType>0</ExpectType>
				<Goto>0</Goto>
				<Id>2</Id>
				<IsErrorHandler>true</IsErrorHandler>
				<IsGotoDestination>false</IsGotoDestination>
				<IsParent>false</IsParent>
				<ParentName>Error handling</ParentName>
				<Response>&lt;&lt;Interrupt&gt;&gt;&lt;&lt;exitcommand&gt;&gt;@Failure(Password change failed: Timeout)</Response>
				<Stimulus>(?i)timeout</Stimulus>
				<UseErrorHandling>false</UseErrorHandling>
			</ExpectScriptItem>
		</ExpectScript>
		<ExpectScript type="Replace Public Key">
			<ExpectScriptItem>
				<Action>0</Action>
				<ExpectType>0</ExpectType>
				<Goto>0</Goto>
				<Id>1</Id>
				<IsErrorHandler>false</IsErrorHandler>
				<IsGotoDestination>false</IsGotoDestination>
				<IsParent>true</IsParent>
				<ParentName>After login</ParentName>
				<Response></Response>
				<Stimulus></Stimulus>
				<UseErrorHandling>false</UseErrorHandling>
			</ExpectScriptItem>
			<ExpectScriptItem>
				<Action>0</Action>
				<ExpectType>0</ExpectType>
				<Goto>0</Goto>
				<Id>1</Id>
				<IsErrorHandler>false</IsErrorHandler>
				<IsGotoDestination>false</IsGotoDestination>
				<IsParent>false</IsParent>
				<ParentName>After login</ParentName>
				<Response></Response>
				<Stimulus></Stimulus>
				<UseErrorHandling>true</UseErrorHandling>
			</ExpectScriptItem>
			<ExpectScriptItem>
				<Action>3</Action>
				<ExpectType>0</ExpectType>
				<Goto>0</Goto>
				<Id>2</Id>
				<IsErrorHandler>true</IsErrorHandler>
				<IsGotoDestination>false</IsGotoDestination>
				<IsParent>true</IsParent>
				<ParentName>Error handling</ParentName>
				<Response></Response>
				<Stimulus></Stimulus>
				<UseErrorHandling>false</UseErrorHandling>
			</ExpectScriptItem>
			<ExpectScriptItem>
				<Action>3</Action>
				<ExpectType>0</ExpectType>
				<Goto>0</Goto>
				<Id>2</Id>
				<IsErrorHandler>true</IsErrorHandler>
				<IsGotoDestination>false</IsGotoDestination>
				<IsParent>false</IsParent>
				<ParentName>Error handling</ParentName>
				<Response></Response>
				<Stimulus></Stimulus>
				<UseErrorHandling>false</UseErrorHandling>
			</ExpectScriptItem>
		</ExpectScript>
	</ExpectScriptItems>
	<Template>{
	"description":"",
	"name":"HP iLO",
	"properties":{},
	"tags":{"funcacctname":"",
	"funcacctpwd":"",
	"funcacctkey":"",
	"funcacctkeypass":"",
	"address":"",
	"port":"22",
	"assetname":"",
	"manacctname":"",
	"manacctoldpwd":"",
	"manacctoldkey":"",
	"manacctoldkeypass":"",
	"manacctnewpwd":"",
	"endofline":"\u000d",
	"exitcommand":"exit",
	"interrupt":"&lt;&lt;ctrl-d&gt;&gt;",
	"passwordcommand":"", "timeout":"20000",
	"prompt":"&lt;\/.*&gt;hpiLO-&gt;",
	"configureprompt":"",
	"elevatedprompt":"",
	"elevation":"",
	"enablepassword":"",
	"loginusername":"",
	"loginuserpwd":"",
	"loginuserkey":"",
	"loginuserkeypass":"",
	"custommetadata":"[{\"Action\":0,\"ExpectType\":0,\"Goto\":0,\"Id\":1,\"IsErrorHandler\":false,\"IsGotoDestination\":false,\"IsParent\":true,\"ParentName\":\"After login\",\"Response\":null,\"Stimulus\":null,\"UseErrorHandling\":false},{\"Action\":0,\"ExpectType\":0,\"Goto\":0,\"Id\":1,\"IsErrorHandler\":false,\"IsGotoDestination\":false,\"IsParent\":false,\"ParentName\":\"After login\",\"Response\":\"cd \\\/map1\\\/accounts\\\/&lt;&lt;ManAcctName&gt;&gt;\",\"Stimulus\":\"&lt;&lt;PROMPT&gt;&gt;\",\"UseErrorHandling\":true},{\"Action\":1,\"ExpectType\":0,\"Goto\":3,\"Id\":1,\"IsErrorHandler\":false,\"IsGotoDestination\":false,\"IsParent\":false,\"ParentName\":\"After login\",\"Response\":\"\",\"Stimulus\":\"status=0\",\"UseErrorHandling\":true},{\"Action\":1,\"ExpectType\":0,\"Goto\":4,\"Id\":1,\"IsErrorHandler\":false,\"IsGotoDestination\":false,\"IsParent\":false,\"ParentName\":\"After login\",\"Response\":\"&lt;&lt;cr&gt;&gt;\",\"Stimulus\":\"status=2\",\"UseErrorHandling\":true},{\"Action\":0,\"ExpectType\":0,\"Goto\":0,\"Id\":3,\"IsErrorHandler\":false,\"IsGotoDestination\":true,\"IsParent\":true,\"ParentName\":\"Statement Group: 1\",\"Response\":null,\"Stimulus\":null,\"UseErrorHandling\":false},{\"Action\":0,\"ExpectType\":0,\"Goto\":0,\"Id\":3,\"IsErrorHandler\":false,\"IsGotoDestination\":true,\"IsParent\":false,\"ParentName\":\"Statement Group: 1\",\"Response\":\"&lt;&lt;cr&gt;&gt;\",\"Stimulus\":\"\",\"UseErrorHandling\":true},{\"Action\":0,\"ExpectType\":0,\"Goto\":0,\"Id\":3,\"IsErrorHandler\":false,\"IsGotoDestination\":false,\"IsParent\":false,\"ParentName\":\"Statement Group: 1\",\"Response\":\"set password=&lt;&lt;ManAcctNewPwd&gt;&gt;\",\"Stimulus\":\"&lt;&lt;PROMPT&gt;&gt;\",\"UseErrorHandling\":true},{\"Action\":2,\"ExpectType\":0,\"Goto\":0,\"Id\":3,\"IsErrorHandler\":false,\"IsGotoDestination\":false,\"IsParent\":false,\"ParentName\":\"Statement Group: 1\",\"Response\":\"&lt;&lt;exitcommand&gt;&gt;@Success(Password change succeeded)\",\"Stimulus\":\"status=0\",\"UseErrorHandling\":false},{\"Action\":0,\"ExpectType\":0,\"Goto\":0,\"Id\":4,\"IsErrorHandler\":false,\"IsGotoDestination\":true,\"IsParent\":true,\"ParentName\":\"Statement Group: 2\",\"Response\":null,\"Stimulus\":null,\"UseErrorHandling\":false},{\"Action\":0,\"ExpectType\":0,\"Goto\":0,\"Id\":4,\"IsErrorHandler\":false,\"IsGotoDestination\":true,\"IsParent\":false,\"ParentName\":\"Statement Group: 2\",\"Response\":\"&lt;&lt;cr&gt;&gt;\",\"Stimulus\":\"\",\"UseErrorHandling\":true},{\"Action\":0,\"ExpectType\":0,\"Goto\":0,\"Id\":4,\"IsErrorHandler\":false,\"IsGotoDestination\":false,\"IsParent\":false,\"ParentName\":\"Statement Group: 2\",\"Response\":\"cd \\\/map1\\\/accounts1\\\/&lt;&lt;ManAcctName&gt;&gt;\",\"Stimulus\":\"&lt;&lt;PROMPT&gt;&gt;\",\"UseErrorHandling\":true},{\"Action\":0,\"ExpectType\":0,\"Goto\":0,\"Id\":4,\"IsErrorHandler\":false,\"IsGotoDestination\":false,\"IsParent\":false,\"ParentName\":\"Statement Group: 2\",\"Response\":\"&lt;&lt;cr&gt;&gt;\",\"Stimulus\":\"status=0\",\"UseErrorHandling\":true},{\"Action\":0,\"ExpectType\":0,\"Goto\":0,\"Id\":4,\"IsErrorHandler\":false,\"IsGotoDestination\":false,\"IsParent\":false,\"ParentName\":\"Statement Group: 2\",\"Response\":\"set password=&lt;&lt;ManAcctNewPwd&gt;&gt;\",\"Stimulus\":\"&lt;&lt;PROMPT&gt;&gt;\",\"UseErrorHandling\":true},{\"Action\":2,\"ExpectType\":0,\"Goto\":0,\"Id\":4,\"IsErrorHandler\":false,\"IsGotoDestination\":false,\"IsParent\":false,\"ParentName\":\"Statement Group: 2\",\"Response\":\"&lt;&lt;exitcommand&gt;&gt;@Success(Password change succeeded)\",\"Stimulus\":\"status=0\",\"UseErrorHandling\":false},{\"Action\":3,\"ExpectType\":0,\"Goto\":0,\"Id\":2,\"IsErrorHandler\":true,\"IsGotoDestination\":false,\"IsParent\":true,\"ParentName\":\"Error handling\",\"Response\":null,\"Stimulus\":null,\"UseErrorHandling\":false},{\"Action\":3,\"ExpectType\":0,\"Goto\":0,\"Id\":2,\"IsErrorHandler\":true,\"IsGotoDestination\":false,\"IsParent\":false,\"ParentName\":\"Error handling\",\"Response\":\"&lt;&lt;Interrupt&gt;&gt;&lt;&lt;exitcommand&gt;&gt;@Failure(Password change failed: Timeout)\",\"Stimulus\":\"(?i)timeout\",\"UseErrorHandling\":false}]",
	"custommetadatacheckpassword":"[{\"Action\":0,\"ExpectType\":0,\"Goto\":0,\"Id\":1,\"IsErrorHandler\":false,\"IsGotoDestination\":false,\"IsParent\":true,\"ParentName\":\"After login\",\"Response\":null,\"Stimulus\":null,\"UseErrorHandling\":false},{\"Action\":2,\"ExpectType\":0,\"Goto\":0,\"Id\":1,\"IsErrorHandler\":false,\"IsGotoDestination\":false,\"IsParent\":false,\"ParentName\":\"After login\",\"Response\":\"&lt;&lt;exitcommand&gt;&gt;@Success(Password check succeeded)\",\"Stimulus\":\"&lt;&lt;PROMPT&gt;&gt;\",\"UseErrorHandling\":false},{\"Action\":3,\"ExpectType\":0,\"Goto\":0,\"Id\":2,\"IsErrorHandler\":true,\"IsGotoDestination\":false,\"IsParent\":true,\"ParentName\":\"Error handling\",\"Response\":null,\"Stimulus\":null,\"UseErrorHandling\":false},{\"Action\":3,\"ExpectType\":0,\"Goto\":0,\"Id\":2,\"IsErrorHandler\":true,\"IsGotoDestination\":false,\"IsParent\":false,\"ParentName\":\"Error handling\",\"Response\":\"&lt;&lt;Interrupt&gt;&gt;&lt;&lt;exitcommand&gt;&gt;@Failure(Password change failed: Timeout)\",\"Stimulus\":\"(?i)timeout\",\"UseErrorHandling\":false}]",
	"custommetadatareplacepublickey":"[{\"Action\":0,\"ExpectType\":0,\"Goto\":0,\"Id\":1,\"IsErrorHandler\":false,\"IsGotoDestination\":false,\"IsParent\":true,\"ParentName\":\"After login\",\"Response\":null,\"Stimulus\":null,\"UseErrorHandling\":false},{\"Action\":0,\"ExpectType\":0,\"Goto\":0,\"Id\":1,\"IsErrorHandler\":false,\"IsGotoDestination\":false,\"IsParent\":false,\"ParentName\":\"After login\",\"Response\":null,\"Stimulus\":null,\"UseErrorHandling\":true},{\"Action\":3,\"ExpectType\":0,\"Goto\":0,\"Id\":2,\"IsErrorHandler\":true,\"IsGotoDestination\":false,\"IsParent\":true,\"ParentName\":\"Error handling\",\"Response\":null,\"Stimulus\":null,\"UseErrorHandling\":false},{\"Action\":3,\"ExpectType\":0,\"Goto\":0,\"Id\":2,\"IsErrorHandler\":true,\"IsGotoDestination\":false,\"IsParent\":false,\"ParentName\":\"Error handling\",\"Response\":null,\"Stimulus\":null,\"UseErrorHandling\":false}]"},
	"work":[
			{"expect":[
				{"char_delay":-1,"expect":[
				{"char_delay":-1,"expect":[],"id":"", "line_delay":-1,"response":"&lt;&lt;Interrupt&gt;&gt;&lt;&lt;exitcommand&gt;&gt;@Failure(Password change failed: Timeout)", "stimulus":"@RE((?i)timeout)", "timeout":0},
				{"char_delay":-1,"expect":[
				{"char_delay":-1,"expect":[],"id":"", "line_delay":-1,"response":"&lt;&lt;Interrupt&gt;&gt;&lt;&lt;exitcommand&gt;&gt;@Failure(Password change failed: Timeout)", "stimulus":"@RE((?i)timeout)", "timeout":0},
				{"char_delay":-1,"expect":[
				{"char_delay":-1,"expect":[],"id":"", "line_delay":-1,"response":"&lt;&lt;Interrupt&gt;&gt;&lt;&lt;exitcommand&gt;&gt;@Failure(Password change failed: Timeout)", "stimulus":"@RE((?i)timeout)", "timeout":0},
				{"char_delay":-1,"expect":[],"id":"", "line_delay":-1,"response":"&lt;&lt;exitcommand&gt;&gt;@Success(Password change succeeded)", "stimulus":"@RE(status=0)", "timeout":-1}],
	"id":"", "line_delay":-1,"response":"set password=&lt;&lt;ManAcctNewPwd&gt;&gt;&lt;&lt;endofline&gt;&gt;", "stimulus":"@RE(&lt;&lt;PROMPT&gt;&gt;)", "timeout":-1}],
	"id":"", "line_delay":-1,"response":"&lt;&lt;cr&gt;&gt;&lt;&lt;endofline&gt;&gt;", "stimulus":"@RE(status=0)", "timeout":-1},
				{"char_delay":-1,"expect":[
				{"char_delay":-1,"expect":[],"id":"", "line_delay":-1,"response":"&lt;&lt;Interrupt&gt;&gt;&lt;&lt;exitcommand&gt;&gt;@Failure(Password change failed: Timeout)", "stimulus":"@RE((?i)timeout)", "timeout":0},
				{"char_delay":-1,"expect":[
				{"char_delay":-1,"expect":[],"id":"", "line_delay":-1,"response":"&lt;&lt;Interrupt&gt;&gt;&lt;&lt;exitcommand&gt;&gt;@Failure(Password change failed: Timeout)", "stimulus":"@RE((?i)timeout)", "timeout":0},
				{"char_delay":-1,"expect":[
				{"char_delay":-1,"expect":[],"id":"", "line_delay":-1,"response":"&lt;&lt;Interrupt&gt;&gt;&lt;&lt;exitcommand&gt;&gt;@Failure(Password change failed: Timeout)", "stimulus":"@RE((?i)timeout)", "timeout":0},
				{"char_delay":-1,"expect":[
				{"char_delay":-1,"expect":[],"id":"", "line_delay":-1,"response":"&lt;&lt;Interrupt&gt;&gt;&lt;&lt;exitcommand&gt;&gt;@Failure(Password change failed: Timeout)", "stimulus":"@RE((?i)timeout)", "timeout":0},
				{"char_delay":-1,"expect":[],"id":"", "line_delay":-1,"response":"&lt;&lt;exitcommand&gt;&gt;@Success(Password change succeeded)", "stimulus":"@RE(status=0)", "timeout":-1}],
	"id":"", "line_delay":-1,"response":"set password=&lt;&lt;ManAcctNewPwd&gt;&gt;&lt;&lt;endofline&gt;&gt;", "stimulus":"@RE(&lt;&lt;PROMPT&gt;&gt;)", "timeout":-1}],
	"id":"", "line_delay":-1,"response":"&lt;&lt;cr&gt;&gt;&lt;&lt;endofline&gt;&gt;", "stimulus":"@RE(status=0)", "timeout":-1}],
	"id":"", "line_delay":-1,"response":"cd \/map1\/accounts1\/&lt;&lt;ManAcctName&gt;&gt;&lt;&lt;endofline&gt;&gt;", "stimulus":"@RE(&lt;&lt;PROMPT&gt;&gt;)", "timeout":-1}],
	"id":"", "line_delay":-1,"response":"&lt;&lt;cr&gt;&gt;&lt;&lt;endofline&gt;&gt;", "stimulus":"@RE(status=2)", "timeout":-1}],
	"id":"", "line_delay":-1,"response":"cd \/map1\/accounts\/&lt;&lt;ManAcctName&gt;&gt;&lt;&lt;endofline&gt;&gt;", "stimulus":"@RE(&lt;&lt;PROMPT&gt;&gt;)", "timeout":-1}],
	"name":"ChangePassword",
	"type":1},{"expect":[
				{"char_delay":-1,"expect":[],"id":"", "line_delay":-1,"response":"&lt;&lt;exitcommand&gt;&gt;@Success(Password check succeeded)", "stimulus":"@RE(&lt;&lt;PROMPT&gt;&gt;)", "timeout":-1}],
	"name":"CheckPassword",
	"type":2},{"expect":[
				{"char_delay":-1,"expect":[
				{"char_delay":-1,"expect":[],"id":"", "line_delay":-1,"response":"&lt;&lt;exitcommand&gt;&gt;@Failure(Error)", "stimulus":"@RE()", "timeout":0}],
	"id":"", "line_delay":-1,"response":"&lt;&lt;endofline&gt;&gt;", "stimulus":"@RE()", "timeout":-1}],
	"name":"ReplacePublicKey",
	"type":4}]}</Template>
</CustomPlatform>
