<?xml version="1.0" encoding="utf-8"?>
<CustomPlatform>
	<Active>true</Active>
	<CreateDate>2014\10\19 8:0:0.0</CreateDate>
	<CreatedByUserID>0</CreatedByUserID>
	<LastUpdateDate>2014\10\19 8:0:0.0</LastUpdateDate>
	<LastUpdateUserID>0</LastUpdateUserID>
	<Name>IBMi (AS400)</Name>
	<ShellPrompt>===&gt;</ShellPrompt>
	<ConfigPrompt></ConfigPrompt>
	<ElevatedPrompt></ElevatedPrompt>
	<EndOfLine>\r</EndOfLine>
	<ExitCommand>signoff</ExitCommand>
    <Interrupt></Interrupt>
    <PasswordCommand></PasswordCommand>
    <Elevation>false</Elevation>
    <ElevationCommand></ElevationCommand>
    <PlatformId>36</PlatformId>
    <Ssh>false</Ssh>
    <Port>23</Port>
    <LogonAccount>false</LogonAccount>
    <AccountNameFormatTypeFlag>false</AccountNameFormatTypeFlag>
    <SupportsJumphost>false</SupportsJumphost>
	<ExpectScriptItems>
		<ExpectScript type="Check Password">
			<ExpectScriptItem>
				<Action>0</Action>
				<ExpectType>0</ExpectType>
				<Goto>0</Goto>
				<Id>1</Id>
				<IsErrorHandler>false</IsErrorHandler>
				<IsGotoDestination>false</IsGotoDestination>
				<IsParent>true</IsParent>
				<ParentName>After login</ParentName>
				<Response></Response>
				<Stimulus></Stimulus>
				<UseErrorHandling>false</UseErrorHandling>
			</ExpectScriptItem>
			<ExpectScriptItem>
				<Action>0</Action>
				<ExpectType>0</ExpectType>
				<Goto>0</Goto>
				<Id>1</Id>
				<IsErrorHandler>false</IsErrorHandler>
				<IsGotoDestination>false</IsGotoDestination>
				<IsParent>false</IsParent>
				<ParentName>After login</ParentName>
				<Response>&lt;&lt;cr&gt;&gt;</Response>
				<Stimulus>(?i)press enter|&lt;&lt;prompt&gt;&gt;</Stimulus>
				<UseErrorHandling>true</UseErrorHandling>
			</ExpectScriptItem>
			<ExpectScriptItem>
				<Action>2</Action>
				<ExpectType>0</ExpectType>
				<Goto>0</Goto>
				<Id>1</Id>
				<IsErrorHandler>false</IsErrorHandler>
				<IsGotoDestination>false</IsGotoDestination>
				<IsParent>false</IsParent>
				<ParentName>After login</ParentName>
				<Response>&lt;&lt;exitcommand&gt;&gt;@Success(Password check succeeded)</Response>
				<Stimulus>&lt;&lt;prompt&gt;&gt;</Stimulus>
				<UseErrorHandling>false</UseErrorHandling>
			</ExpectScriptItem>
			<ExpectScriptItem>
				<Action>3</Action>
				<ExpectType>0</ExpectType>
				<Goto>0</Goto>
				<Id>2</Id>
				<IsErrorHandler>true</IsErrorHandler>
				<IsGotoDestination>false</IsGotoDestination>
				<IsParent>true</IsParent>
				<ParentName>Error handling</ParentName>
				<Response></Response>
				<Stimulus></Stimulus>
				<UseErrorHandling>false</UseErrorHandling>
			</ExpectScriptItem>
			<ExpectScriptItem>
				<Action>3</Action>
				<ExpectType>0</ExpectType>
				<Goto>0</Goto>
				<Id>2</Id>
				<IsErrorHandler>true</IsErrorHandler>
				<IsGotoDestination>false</IsGotoDestination>
				<IsParent>false</IsParent>
				<ParentName>Error handling</ParentName>
				<Response>&lt;&lt;exitcommand&gt;&gt;@Failure(Check password error)</Response>
				<Stimulus>CPF|(?i)error|(?i)not valid</Stimulus>
				<UseErrorHandling>false</UseErrorHandling>
			</ExpectScriptItem>
		</ExpectScript>
		<ExpectScript type="Change Password">
			<ExpectScriptItem>
				<Action>0</Action>
				<ExpectType>0</ExpectType>
				<Goto>0</Goto>
				<Id>1</Id>
				<IsErrorHandler>false</IsErrorHandler>
				<IsGotoDestination>false</IsGotoDestination>
				<IsParent>true</IsParent>
				<ParentName>After login</ParentName>
				<Response></Response>
				<Stimulus></Stimulus>
				<UseErrorHandling>false</UseErrorHandling>
			</ExpectScriptItem>
			<ExpectScriptItem>
				<Action>0</Action>
				<ExpectType>0</ExpectType>
				<Goto>0</Goto>
				<Id>1</Id>
				<IsErrorHandler>false</IsErrorHandler>
				<IsGotoDestination>false</IsGotoDestination>
				<IsParent>false</IsParent>
				<ParentName>After login</ParentName>
				<Response>CHGUSRPRF (&lt;&lt;manacctname&gt;&gt;) PASSWORD(&lt;&lt;manacctnewpwd&gt;&gt;)</Response>
				<Stimulus>&lt;&lt;prompt&gt;&gt;</Stimulus>
				<UseErrorHandling>true</UseErrorHandling>
			</ExpectScriptItem>
			<ExpectScriptItem>
				<Action>2</Action>
				<ExpectType>0</ExpectType>
				<Goto>0</Goto>
				<Id>1</Id>
				<IsErrorHandler>false</IsErrorHandler>
				<IsGotoDestination>false</IsGotoDestination>
				<IsParent>false</IsParent>
				<ParentName>After login</ParentName>
				<Response>&lt;&lt;exitcommand&gt;&gt;@Success(Password change succeeded)</Response>
				<Stimulus>&lt;&lt;prompt&gt;&gt;</Stimulus>
				<UseErrorHandling>false</UseErrorHandling>
			</ExpectScriptItem>
			<ExpectScriptItem>
				<Action>3</Action>
				<ExpectType>0</ExpectType>
				<Goto>0</Goto>
				<Id>2</Id>
				<IsErrorHandler>true</IsErrorHandler>
				<IsGotoDestination>false</IsGotoDestination>
				<IsParent>true</IsParent>
				<ParentName>Error handling</ParentName>
				<Response></Response>
				<Stimulus></Stimulus>
				<UseErrorHandling>false</UseErrorHandling>
			</ExpectScriptItem>
			<ExpectScriptItem>
				<Action>3</Action>
				<ExpectType>0</ExpectType>
				<Goto>0</Goto>
				<Id>2</Id>
				<IsErrorHandler>true</IsErrorHandler>
				<IsGotoDestination>false</IsGotoDestination>
				<IsParent>false</IsParent>
				<ParentName>Error handling</ParentName>
				<Response>&lt;&lt;exitcommand&gt;&gt;@Failure(Change password error)</Response>
				<Stimulus>CPF|(?i)error|(?i)not valid</Stimulus>
				<UseErrorHandling>false</UseErrorHandling>
			</ExpectScriptItem>
		</ExpectScript>
		<ExpectScript type="Replace Public Key">
			<ExpectScriptItem>
				<Action>0</Action>
				<ExpectType>0</ExpectType>
				<Goto>0</Goto>
				<Id>1</Id>
				<IsErrorHandler>false</IsErrorHandler>
				<IsGotoDestination>false</IsGotoDestination>
				<IsParent>true</IsParent>
				<ParentName>After login</ParentName>
				<Response></Response>
				<Stimulus></Stimulus>
				<UseErrorHandling>false</UseErrorHandling>
			</ExpectScriptItem>
			<ExpectScriptItem>
				<Action>0</Action>
				<ExpectType>0</ExpectType>
				<Goto>0</Goto>
				<Id>1</Id>
				<IsErrorHandler>false</IsErrorHandler>
				<IsGotoDestination>false</IsGotoDestination>
				<IsParent>false</IsParent>
				<ParentName>After login</ParentName>
				<Response></Response>
				<Stimulus></Stimulus>
				<UseErrorHandling>true</UseErrorHandling>
			</ExpectScriptItem>
			<ExpectScriptItem>
				<Action>3</Action>
				<ExpectType>0</ExpectType>
				<Goto>0</Goto>
				<Id>2</Id>
				<IsErrorHandler>true</IsErrorHandler>
				<IsGotoDestination>false</IsGotoDestination>
				<IsParent>true</IsParent>
				<ParentName>Error handling</ParentName>
				<Response></Response>
				<Stimulus></Stimulus>
				<UseErrorHandling>false</UseErrorHandling>
			</ExpectScriptItem>
			<ExpectScriptItem>
				<Action>3</Action>
				<ExpectType>0</ExpectType>
				<Goto>0</Goto>
				<Id>2</Id>
				<IsErrorHandler>true</IsErrorHandler>
				<IsGotoDestination>false</IsGotoDestination>
				<IsParent>false</IsParent>
				<ParentName>Error handling</ParentName>
				<Response></Response>
				<Stimulus></Stimulus>
				<UseErrorHandling>false</UseErrorHandling>
			</ExpectScriptItem>
		</ExpectScript>
		<ExpectScript type="Logon">
			<ExpectScriptItem>
				<Action>0</Action>
				<ExpectType>0</ExpectType>
				<Goto>0</Goto>
				<Id>1</Id>
				<IsErrorHandler>false</IsErrorHandler>
				<IsGotoDestination>false</IsGotoDestination>
				<IsParent>true</IsParent>
				<ParentName>After login</ParentName>
				<Response></Response>
				<Stimulus></Stimulus>
				<UseErrorHandling>false</UseErrorHandling>
			</ExpectScriptItem>
			<ExpectScriptItem>
				<Action>0</Action>
				<ExpectType>0</ExpectType>
				<Goto>0</Goto>
				<Id>1</Id>
				<IsErrorHandler>false</IsErrorHandler>
				<IsGotoDestination>false</IsGotoDestination>
				<IsParent>false</IsParent>
				<ParentName>After login</ParentName>
				<Response>&lt;&lt;loginusername&gt;&gt;&lt;&lt;tab&gt;&gt;&lt;&lt;loginuserpwd&gt;&gt;</Response>
				<Stimulus>(?i)User</Stimulus>
				<UseErrorHandling>false</UseErrorHandling>
			</ExpectScriptItem>
			<ExpectScriptItem>
				<Action>0</Action>
				<ExpectType>0</ExpectType>
				<Goto>0</Goto>
				<Id>1</Id>
				<IsErrorHandler>false</IsErrorHandler>
				<IsGotoDestination>false</IsGotoDestination>
				<IsParent>false</IsParent>
				<ParentName>After login</ParentName>
				<Response>&lt;&lt;cr&gt;&gt;</Response>
				<Stimulus>(?i)press enter|&lt;&lt;prompt&gt;&gt;</Stimulus>
				<UseErrorHandling>false</UseErrorHandling>
			</ExpectScriptItem>
			<ExpectScriptItem>
				<Action>3</Action>
				<ExpectType>0</ExpectType>
				<Goto>0</Goto>
				<Id>2</Id>
				<IsErrorHandler>true</IsErrorHandler>
				<IsGotoDestination>false</IsGotoDestination>
				<IsParent>true</IsParent>
				<ParentName>Error handling</ParentName>
				<Response></Response>
				<Stimulus></Stimulus>
				<UseErrorHandling>false</UseErrorHandling>
			</ExpectScriptItem>
			<ExpectScriptItem>
				<Action>3</Action>
				<ExpectType>0</ExpectType>
				<Goto>0</Goto>
				<Id>2</Id>
				<IsErrorHandler>true</IsErrorHandler>
				<IsGotoDestination>false</IsGotoDestination>
				<IsParent>false</IsParent>
				<ParentName>Error handling</ParentName>
				<Response>&lt;&lt;exitcommand&gt;&gt;@Failure(Login error)</Response>
				<Stimulus>CPF|(?i)error|(?i)not valid</Stimulus>
				<UseErrorHandling>false</UseErrorHandling>
			</ExpectScriptItem>
		</ExpectScript>
	</ExpectScriptItems>
	<Template>{
	"description":"",
	"name":"IBMi (AS400)",
	"properties":{},
	"tags":{"funcacctname":"",
	"funcacctpwd":"",
	"funcacctkey":"",
	"funcacctkeypass":"",
	"address":"",
	"port":"23",
	"assetname":"",
	"manacctname":"",
	"manacctoldpwd":"",
	"manacctoldkey":"",
	"manacctoldkeypass":"",
	"manacctnewpwd":"",
	"endofline":"\u000d",
	"exitcommand":"signoff",
	"interrupt":"",
	"passwordcommand":"", "timeout":"20000",
	"prompt":"===&gt;",
	"configureprompt":"",
	"elevatedprompt":"",
	"elevation":"",
	"enablepassword":"",
	"loginusername":"",
	"loginuserpwd":"",
	"loginuserkey":"",
	"loginuserkeypass":"",
	"custommetadata":"[{\"Action\":0,\"ExpectType\":0,\"Goto\":0,\"Id\":1,\"IsErrorHandler\":false,\"IsGotoDestination\":false,\"IsParent\":true,\"ParentName\":\"After login\",\"Response\":null,\"Stimulus\":null,\"UseErrorHandling\":false},{\"Action\":0,\"ExpectType\":0,\"Goto\":0,\"Id\":1,\"IsErrorHandler\":false,\"IsGotoDestination\":false,\"IsParent\":false,\"ParentName\":\"After login\",\"Response\":\"CHGUSRPRF (&lt;&lt;manacctname&gt;&gt;) PASSWORD(&lt;&lt;manacctnewpwd&gt;&gt;)\",\"Stimulus\":\"&lt;&lt;prompt&gt;&gt;\",\"UseErrorHandling\":true},{\"Action\":2,\"ExpectType\":0,\"Goto\":0,\"Id\":1,\"IsErrorHandler\":false,\"IsGotoDestination\":false,\"IsParent\":false,\"ParentName\":\"After login\",\"Response\":\"&lt;&lt;exitcommand&gt;&gt;@Success(Password change succeeded)\",\"Stimulus\":\"&lt;&lt;prompt&gt;&gt;\",\"UseErrorHandling\":false},{\"Action\":3,\"ExpectType\":0,\"Goto\":0,\"Id\":2,\"IsErrorHandler\":true,\"IsGotoDestination\":false,\"IsParent\":true,\"ParentName\":\"Error handling\",\"Response\":null,\"Stimulus\":null,\"UseErrorHandling\":false},{\"Action\":3,\"ExpectType\":0,\"Goto\":0,\"Id\":2,\"IsErrorHandler\":true,\"IsGotoDestination\":false,\"IsParent\":false,\"ParentName\":\"Error handling\",\"Response\":\"&lt;&lt;exitcommand&gt;&gt;@Failure(Change password error)\",\"Stimulus\":\"CPF|(?i)error|(?i)not valid\",\"UseErrorHandling\":false}]",
	"custommetadatacheckpassword":"[{\"Action\":0,\"ExpectType\":0,\"Goto\":0,\"Id\":1,\"IsErrorHandler\":false,\"IsGotoDestination\":false,\"IsParent\":true,\"ParentName\":\"After login\",\"Response\":null,\"Stimulus\":null,\"UseErrorHandling\":false},{\"Action\":0,\"ExpectType\":0,\"Goto\":0,\"Id\":1,\"IsErrorHandler\":false,\"IsGotoDestination\":false,\"IsParent\":false,\"ParentName\":\"After login\",\"Response\":\"&lt;&lt;cr&gt;&gt;\",\"Stimulus\":\"(?i)press enter|&lt;&lt;prompt&gt;&gt;\",\"UseErrorHandling\":true},{\"Action\":2,\"ExpectType\":0,\"Goto\":0,\"Id\":1,\"IsErrorHandler\":false,\"IsGotoDestination\":false,\"IsParent\":false,\"ParentName\":\"After login\",\"Response\":\"&lt;&lt;exitcommand&gt;&gt;@Success(Password check succeeded)\",\"Stimulus\":\"&lt;&lt;prompt&gt;&gt;\",\"UseErrorHandling\":false},{\"Action\":3,\"ExpectType\":0,\"Goto\":0,\"Id\":2,\"IsErrorHandler\":true,\"IsGotoDestination\":false,\"IsParent\":true,\"ParentName\":\"Error handling\",\"Response\":null,\"Stimulus\":null,\"UseErrorHandling\":false},{\"Action\":3,\"ExpectType\":0,\"Goto\":0,\"Id\":2,\"IsErrorHandler\":true,\"IsGotoDestination\":false,\"IsParent\":false,\"ParentName\":\"Error handling\",\"Response\":\"&lt;&lt;exitcommand&gt;&gt;@Failure(Check password error)\",\"Stimulus\":\"CPF|(?i)error|(?i)not valid\",\"UseErrorHandling\":false}]",
	"custommetadatareplacepublickey":"[{\"Action\":0,\"ExpectType\":0,\"Goto\":0,\"Id\":1,\"IsErrorHandler\":false,\"IsGotoDestination\":false,\"IsParent\":true,\"ParentName\":\"After login\",\"Response\":null,\"Stimulus\":null,\"UseErrorHandling\":false},{\"Action\":0,\"ExpectType\":0,\"Goto\":0,\"Id\":1,\"IsErrorHandler\":false,\"IsGotoDestination\":false,\"IsParent\":false,\"ParentName\":\"After login\",\"Response\":null,\"Stimulus\":null,\"UseErrorHandling\":true},{\"Action\":3,\"ExpectType\":0,\"Goto\":0,\"Id\":2,\"IsErrorHandler\":true,\"IsGotoDestination\":false,\"IsParent\":true,\"ParentName\":\"Error handling\",\"Response\":null,\"Stimulus\":null,\"UseErrorHandling\":false},{\"Action\":3,\"ExpectType\":0,\"Goto\":0,\"Id\":2,\"IsErrorHandler\":true,\"IsGotoDestination\":false,\"IsParent\":false,\"ParentName\":\"Error handling\",\"Response\":null,\"Stimulus\":null,\"UseErrorHandling\":false}]",
	"custommetadatalogon":"[{\"Action\":0,\"ExpectType\":0,\"Goto\":0,\"Id\":1,\"IsErrorHandler\":false,\"IsGotoDestination\":false,\"IsParent\":true,\"ParentName\":\"After login\",\"Response\":null,\"Stimulus\":null,\"UseErrorHandling\":false},{\"Action\":0,\"ExpectType\":0,\"Goto\":0,\"Id\":1,\"IsErrorHandler\":false,\"IsGotoDestination\":false,\"IsParent\":false,\"ParentName\":\"After login\",\"Response\":\"&lt;&lt;loginusername&gt;&gt;&lt;&lt;tab&gt;&gt;&lt;&lt;loginuserpwd&gt;&gt;\",\"Stimulus\":\"(?i)User\",\"UseErrorHandling\":false},{\"Action\":0,\"ExpectType\":0,\"Goto\":0,\"Id\":1,\"IsErrorHandler\":false,\"IsGotoDestination\":false,\"IsParent\":false,\"ParentName\":\"After login\",\"Response\":\"&lt;&lt;cr&gt;&gt;\",\"Stimulus\":\"(?i)press enter|&lt;&lt;prompt&gt;&gt;\",\"UseErrorHandling\":false},{\"Action\":3,\"ExpectType\":0,\"Goto\":0,\"Id\":2,\"IsErrorHandler\":true,\"IsGotoDestination\":false,\"IsParent\":true,\"ParentName\":\"Error handling\",\"Response\":null,\"Stimulus\":null,\"UseErrorHandling\":false},{\"Action\":3,\"ExpectType\":0,\"Goto\":0,\"Id\":2,\"IsErrorHandler\":true,\"IsGotoDestination\":false,\"IsParent\":false,\"ParentName\":\"Error handling\",\"Response\":\"&lt;&lt;exitcommand&gt;&gt;@Failure(Login error)\",\"Stimulus\":\"CPF|(?i)error|(?i)not valid\",\"UseErrorHandling\":false}]"},
	"work":[
			{"expect":[
				{"char_delay":-1,"expect":[
				{"char_delay":-1,"expect":[],"id":"", "line_delay":-1,"response":"&lt;&lt;exitcommand&gt;&gt;@Failure(Change password error)", "stimulus":"@RE(CPF|(?i)error|(?i)not valid)", "timeout":0},
				{"char_delay":-1,"expect":[],"id":"", "line_delay":-1,"response":"&lt;&lt;exitcommand&gt;&gt;@Success(Password change succeeded)", "stimulus":"@RE(&lt;&lt;prompt&gt;&gt;)", "timeout":-1}],
	"id":"", "line_delay":-1,"response":"CHGUSRPRF (&lt;&lt;manacctname&gt;&gt;) PASSWORD(&lt;&lt;manacctnewpwd&gt;&gt;)&lt;&lt;endofline&gt;&gt;", "stimulus":"@RE(&lt;&lt;prompt&gt;&gt;)", "timeout":-1}],
	"name":"ChangePassword",
	"type":1},{"expect":[
				{"char_delay":-1,"expect":[
				{"char_delay":-1,"expect":[],"id":"", "line_delay":-1,"response":"&lt;&lt;exitcommand&gt;&gt;@Failure(Check password error)", "stimulus":"@RE(CPF|(?i)error|(?i)not valid)", "timeout":0},
				{"char_delay":-1,"expect":[],"id":"", "line_delay":-1,"response":"&lt;&lt;exitcommand&gt;&gt;@Success(Password check succeeded)", "stimulus":"@RE(&lt;&lt;prompt&gt;&gt;)", "timeout":-1}],
	"id":"", "line_delay":-1,"response":"&lt;&lt;cr&gt;&gt;&lt;&lt;endofline&gt;&gt;", "stimulus":"@RE((?i)press enter|&lt;&lt;prompt&gt;&gt;)", "timeout":-1}],
	"name":"CheckPassword",
	"type":2},{"expect":[
				{"char_delay":-1,"expect":[
				{"char_delay":-1,"expect":[],"id":"", "line_delay":-1,"response":"&lt;&lt;exitcommand&gt;&gt;@Failure(Error)", "stimulus":"@RE()", "timeout":0}],
	"id":"", "line_delay":-1,"response":"&lt;&lt;endofline&gt;&gt;", "stimulus":"@RE()", "timeout":-1}],
	"name":"ReplacePublicKey",
	"type":4},{"expect":[
				{"char_delay":-1,"expect":[
				{"char_delay":-1,"expect":[],"id":"", "line_delay":-1,"response":"&lt;&lt;cr&gt;&gt;&lt;&lt;endofline&gt;&gt;", "stimulus":"@RE((?i)press enter|&lt;&lt;prompt&gt;&gt;)", "timeout":-1}],
	"id":"", "line_delay":-1,"response":"&lt;&lt;loginusername&gt;&gt;&lt;&lt;tab&gt;&gt;&lt;&lt;loginuserpwd&gt;&gt;&lt;&lt;endofline&gt;&gt;", "stimulus":"@RE((?i)User)", "timeout":-1}],
	"name":"Login",
	"type":3}]}</Template>
</CustomPlatform>
