<?xml version="1.0" encoding="utf-8"?>
<CustomPlatform>
	<Active>true</Active>
	<CreateDate>2014\02\11 8:0:0.0</CreateDate>
	<CreatedByUserID>0</CreatedByUserID>
	<LastUpdateDate>2019\06\09 18:4:47.77</LastUpdateDate>
	<LastUpdateUserID>2736</LastUpdateUserID>
	<Name>Solaris</Name>
	<ShellPrompt>((.].?#)|[$&gt;]|(~&gt;)|(~.?#))</ShellPrompt>
	<ConfigPrompt></ConfigPrompt>
	<ElevatedPrompt></ElevatedPrompt>
	<EndOfLine>\r</EndOfLine>
	<ExitCommand>exit</ExitCommand>
    <Interrupt></Interrupt>
    <PasswordCommand></PasswordCommand>
    <Elevation>true</Elevation>
    <ElevationCommand></ElevationCommand>
    <PlatformId>3</PlatformId>
    <Ssh>true</Ssh>
    <Port>22</Port>
    <LogonAccount>true</LogonAccount>
    <AccountNameFormatTypeFlag>false</AccountNameFormatTypeFlag>
    <SupportsJumphost>true</SupportsJumphost>
	<ExpectScriptItems>
		<ExpectScript type="Check Password">
			<ExpectScriptItem>
				<Action>0</Action>
				<ExpectType>0</ExpectType>
				<Goto>0</Goto>
				<Id>1</Id>
				<IsErrorHandler>false</IsErrorHandler>
				<IsGotoDestination>false</IsGotoDestination>
				<IsParent>true</IsParent>
				<ParentName>After login</ParentName>
				<Response></Response>
				<Stimulus></Stimulus>
				<UseErrorHandling>false</UseErrorHandling>
			</ExpectScriptItem>
			<ExpectScriptItem>
				<Action>0</Action>
				<ExpectType>0</ExpectType>
				<Goto>0</Goto>
				<Id>1</Id>
				<IsErrorHandler>false</IsErrorHandler>
				<IsGotoDestination>false</IsGotoDestination>
				<IsParent>false</IsParent>
				<ParentName>After login</ParentName>
				<Response>&lt;&lt;elevationcommand&gt;&gt;</Response>
				<Stimulus>&lt;&lt;PROMPT&gt;&gt;</Stimulus>
				<UseErrorHandling>true</UseErrorHandling>
			</ExpectScriptItem>
			<ExpectScriptItem>
				<Action>1</Action>
				<ExpectType>0</ExpectType>
				<Goto>6</Goto>
				<Id>1</Id>
				<IsErrorHandler>false</IsErrorHandler>
				<IsGotoDestination>false</IsGotoDestination>
				<IsParent>false</IsParent>
				<ParentName>After login</ParentName>
				<Response></Response>
				<Stimulus>[Pp]assword:|[Cc]redential</Stimulus>
				<UseErrorHandling>false</UseErrorHandling>
			</ExpectScriptItem>
			<ExpectScriptItem>
				<Action>1</Action>
				<ExpectType>0</ExpectType>
				<Goto>4</Goto>
				<Id>1</Id>
				<IsErrorHandler>false</IsErrorHandler>
				<IsGotoDestination>false</IsGotoDestination>
				<IsParent>false</IsParent>
				<ParentName>After login</ParentName>
				<Response>su &lt;&lt;ManAcctName&gt;&gt;</Response>
				<Stimulus>&lt;&lt;PROMPT&gt;&gt;</Stimulus>
				<UseErrorHandling>false</UseErrorHandling>
			</ExpectScriptItem>
			<ExpectScriptItem>
				<Action>0</Action>
				<ExpectType>0</ExpectType>
				<Goto>0</Goto>
				<Id>4</Id>
				<IsErrorHandler>false</IsErrorHandler>
				<IsGotoDestination>false</IsGotoDestination>
				<IsParent>true</IsParent>
				<ParentName>Statement Group: 1</ParentName>
				<Response></Response>
				<Stimulus></Stimulus>
				<UseErrorHandling>false</UseErrorHandling>
			</ExpectScriptItem>
			<ExpectScriptItem>
				<Action>0</Action>
				<ExpectType>0</ExpectType>
				<Goto>0</Goto>
				<Id>4</Id>
				<IsErrorHandler>false</IsErrorHandler>
				<IsGotoDestination>true</IsGotoDestination>
				<IsParent>false</IsParent>
				<ParentName>Statement Group: 1</ParentName>
				<Response>LANG=en_US; /usr/ucb/whoami</Response>
				<Stimulus></Stimulus>
				<UseErrorHandling>true</UseErrorHandling>
			</ExpectScriptItem>
			<ExpectScriptItem>
				<Action>1</Action>
				<ExpectType>0</ExpectType>
				<Goto>8</Goto>
				<Id>4</Id>
				<IsErrorHandler>false</IsErrorHandler>
				<IsGotoDestination>false</IsGotoDestination>
				<IsParent>false</IsParent>
				<ParentName>Statement Group: 1</ParentName>
				<Response></Response>
				<Stimulus>&lt;&lt;manacctname&gt;&gt;</Stimulus>
				<UseErrorHandling>false</UseErrorHandling>
			</ExpectScriptItem>
			<ExpectScriptItem>
				<Action>1</Action>
				<ExpectType>0</ExpectType>
				<Goto>5</Goto>
				<Id>4</Id>
				<IsErrorHandler>false</IsErrorHandler>
				<IsGotoDestination>false</IsGotoDestination>
				<IsParent>false</IsParent>
				<ParentName>Statement Group: 1</ParentName>
				<Response></Response>
				<Stimulus>&lt;&lt;PROMPT&gt;&gt;</Stimulus>
				<UseErrorHandling>false</UseErrorHandling>
			</ExpectScriptItem>
			<ExpectScriptItem>
				<Action>0</Action>
				<ExpectType>0</ExpectType>
				<Goto>0</Goto>
				<Id>5</Id>
				<IsErrorHandler>false</IsErrorHandler>
				<IsGotoDestination>false</IsGotoDestination>
				<IsParent>true</IsParent>
				<ParentName>Statement Group: 2</ParentName>
				<Response></Response>
				<Stimulus></Stimulus>
				<UseErrorHandling>false</UseErrorHandling>
			</ExpectScriptItem>
			<ExpectScriptItem>
				<Action>0</Action>
				<ExpectType>0</ExpectType>
				<Goto>0</Goto>
				<Id>5</Id>
				<IsErrorHandler>false</IsErrorHandler>
				<IsGotoDestination>true</IsGotoDestination>
				<IsParent>false</IsParent>
				<ParentName>Statement Group: 2</ParentName>
				<Response>su &lt;&lt;ManAcctName&gt;&gt;</Response>
				<Stimulus></Stimulus>
				<UseErrorHandling>true</UseErrorHandling>
			</ExpectScriptItem>
			<ExpectScriptItem>
				<Action>1</Action>
				<ExpectType>0</ExpectType>
				<Goto>6</Goto>
				<Id>5</Id>
				<IsErrorHandler>false</IsErrorHandler>
				<IsGotoDestination>false</IsGotoDestination>
				<IsParent>false</IsParent>
				<ParentName>Statement Group: 2</ParentName>
				<Response></Response>
				<Stimulus>[Pp]assword:|[Cc]redential</Stimulus>
				<UseErrorHandling>false</UseErrorHandling>
			</ExpectScriptItem>
			<ExpectScriptItem>
				<Action>1</Action>
				<ExpectType>0</ExpectType>
				<Goto>7</Goto>
				<Id>5</Id>
				<IsErrorHandler>false</IsErrorHandler>
				<IsGotoDestination>false</IsGotoDestination>
				<IsParent>false</IsParent>
				<ParentName>Statement Group: 2</ParentName>
				<Response></Response>
				<Stimulus>&lt;&lt;PROMPT&gt;&gt;</Stimulus>
				<UseErrorHandling>false</UseErrorHandling>
			</ExpectScriptItem>
			<ExpectScriptItem>
				<Action>0</Action>
				<ExpectType>0</ExpectType>
				<Goto>0</Goto>
				<Id>6</Id>
				<IsErrorHandler>false</IsErrorHandler>
				<IsGotoDestination>false</IsGotoDestination>
				<IsParent>true</IsParent>
				<ParentName>Statement Group: 3</ParentName>
				<Response></Response>
				<Stimulus></Stimulus>
				<UseErrorHandling>false</UseErrorHandling>
			</ExpectScriptItem>
			<ExpectScriptItem>
				<Action>0</Action>
				<ExpectType>0</ExpectType>
				<Goto>0</Goto>
				<Id>6</Id>
				<IsErrorHandler>false</IsErrorHandler>
				<IsGotoDestination>true</IsGotoDestination>
				<IsParent>false</IsParent>
				<ParentName>Statement Group: 3</ParentName>
				<Response>&lt;&lt;manacctoldpwd&gt;&gt;</Response>
				<Stimulus></Stimulus>
				<UseErrorHandling>true</UseErrorHandling>
			</ExpectScriptItem>
			<ExpectScriptItem>
				<Action>1</Action>
				<ExpectType>0</ExpectType>
				<Goto>8</Goto>
				<Id>6</Id>
				<IsErrorHandler>false</IsErrorHandler>
				<IsGotoDestination>false</IsGotoDestination>
				<IsParent>false</IsParent>
				<ParentName>Statement Group: 3</ParentName>
				<Response></Response>
				<Stimulus>&lt;&lt;PROMPT&gt;&gt;</Stimulus>
				<UseErrorHandling>false</UseErrorHandling>
			</ExpectScriptItem>
			<ExpectScriptItem>
				<Action>0</Action>
				<ExpectType>0</ExpectType>
				<Goto>0</Goto>
				<Id>7</Id>
				<IsErrorHandler>false</IsErrorHandler>
				<IsGotoDestination>false</IsGotoDestination>
				<IsParent>true</IsParent>
				<ParentName>Statement Group: 4</ParentName>
				<Response></Response>
				<Stimulus></Stimulus>
				<UseErrorHandling>false</UseErrorHandling>
			</ExpectScriptItem>
			<ExpectScriptItem>
				<Action>0</Action>
				<ExpectType>0</ExpectType>
				<Goto>0</Goto>
				<Id>7</Id>
				<IsErrorHandler>false</IsErrorHandler>
				<IsGotoDestination>true</IsGotoDestination>
				<IsParent>false</IsParent>
				<ParentName>Statement Group: 4</ParentName>
				<Response>su &lt;&lt;ManAcctName&gt;&gt;</Response>
				<Stimulus></Stimulus>
				<UseErrorHandling>true</UseErrorHandling>
			</ExpectScriptItem>
			<ExpectScriptItem>
				<Action>0</Action>
				<ExpectType>0</ExpectType>
				<Goto>0</Goto>
				<Id>7</Id>
				<IsErrorHandler>false</IsErrorHandler>
				<IsGotoDestination>false</IsGotoDestination>
				<IsParent>false</IsParent>
				<ParentName>Statement Group: 4</ParentName>
				<Response>&lt;&lt;manacctoldpwd&gt;&gt;</Response>
				<Stimulus>[Pp]assword:|[Cc]redential</Stimulus>
				<UseErrorHandling>true</UseErrorHandling>
			</ExpectScriptItem>
			<ExpectScriptItem>
				<Action>1</Action>
				<ExpectType>0</ExpectType>
				<Goto>8</Goto>
				<Id>7</Id>
				<IsErrorHandler>false</IsErrorHandler>
				<IsGotoDestination>false</IsGotoDestination>
				<IsParent>false</IsParent>
				<ParentName>Statement Group: 4</ParentName>
				<Response></Response>
				<Stimulus>&lt;&lt;PROMPT&gt;&gt;</Stimulus>
				<UseErrorHandling>false</UseErrorHandling>
			</ExpectScriptItem>
			<ExpectScriptItem>
				<Action>0</Action>
				<ExpectType>0</ExpectType>
				<Goto>0</Goto>
				<Id>8</Id>
				<IsErrorHandler>false</IsErrorHandler>
				<IsGotoDestination>false</IsGotoDestination>
				<IsParent>true</IsParent>
				<ParentName>Statement Group: 5</ParentName>
				<Response></Response>
				<Stimulus></Stimulus>
				<UseErrorHandling>false</UseErrorHandling>
			</ExpectScriptItem>
			<ExpectScriptItem>
				<Action>2</Action>
				<ExpectType>0</ExpectType>
				<Goto>0</Goto>
				<Id>8</Id>
				<IsErrorHandler>false</IsErrorHandler>
				<IsGotoDestination>true</IsGotoDestination>
				<IsParent>false</IsParent>
				<ParentName>Statement Group: 5</ParentName>
				<Response>&lt;&lt;exitcommand&gt;&gt;@Success(Password check succeeded)</Response>
				<Stimulus></Stimulus>
				<UseErrorHandling>false</UseErrorHandling>
			</ExpectScriptItem>
			<ExpectScriptItem>
				<Action>3</Action>
				<ExpectType>0</ExpectType>
				<Goto>0</Goto>
				<Id>2</Id>
				<IsErrorHandler>true</IsErrorHandler>
				<IsGotoDestination>false</IsGotoDestination>
				<IsParent>true</IsParent>
				<ParentName>Error handling</ParentName>
				<Response></Response>
				<Stimulus></Stimulus>
				<UseErrorHandling>false</UseErrorHandling>
			</ExpectScriptItem>
			<ExpectScriptItem>
				<Action>3</Action>
				<ExpectType>0</ExpectType>
				<Goto>0</Goto>
				<Id>2</Id>
				<IsErrorHandler>true</IsErrorHandler>
				<IsGotoDestination>false</IsGotoDestination>
				<IsParent>false</IsParent>
				<ParentName>Error handling</ParentName>
				<Response>&lt;&lt;exitcommand&gt;&gt;@Failure(Password check failed: Invalid password)</Response>
				<Stimulus>(([Ss]orry)|([Ii]ncorrect [Pp]assword)|([Aa]uthentication [Ff]ailure)|([Aa]uthentication.*.[Dd]enied))</Stimulus>
				<UseErrorHandling>false</UseErrorHandling>
			</ExpectScriptItem>
		</ExpectScript>
		<ExpectScript type="Change Password">
			<ExpectScriptItem>
				<Action>0</Action>
				<ExpectType>0</ExpectType>
				<Goto>0</Goto>
				<Id>1</Id>
				<IsErrorHandler>false</IsErrorHandler>
				<IsGotoDestination>false</IsGotoDestination>
				<IsParent>true</IsParent>
				<ParentName>After login</ParentName>
				<Response></Response>
				<Stimulus></Stimulus>
				<UseErrorHandling>false</UseErrorHandling>
			</ExpectScriptItem>
			<ExpectScriptItem>
				<Action>0</Action>
				<ExpectType>0</ExpectType>
				<Goto>0</Goto>
				<Id>1</Id>
				<IsErrorHandler>false</IsErrorHandler>
				<IsGotoDestination>false</IsGotoDestination>
				<IsParent>false</IsParent>
				<ParentName>After login</ParentName>
				<Response>LANG=en_US; &lt;&lt;elevationcommand&gt;&gt; -x -1 passwd &lt;&lt;ManAcctName&gt;&gt;</Response>
				<Stimulus>&lt;&lt;PROMPT&gt;&gt;</Stimulus>
				<UseErrorHandling>true</UseErrorHandling>
			</ExpectScriptItem>
			<ExpectScriptItem>
				<Action>0</Action>
				<ExpectType>0</ExpectType>
				<Goto>0</Goto>
				<Id>1</Id>
				<IsErrorHandler>false</IsErrorHandler>
				<IsGotoDestination>false</IsGotoDestination>
				<IsParent>false</IsParent>
				<ParentName>After login</ParentName>
				<Response>&lt;&lt;elevationcommand&gt;&gt; passwd &lt;&lt;ManAcctName&gt;&gt;</Response>
				<Stimulus>&lt;&lt;PROMPT&gt;&gt;</Stimulus>
				<UseErrorHandling>true</UseErrorHandling>
			</ExpectScriptItem>
			<ExpectScriptItem>
				<Action>1</Action>
				<ExpectType>0</ExpectType>
				<Goto>3</Goto>
				<Id>1</Id>
				<IsErrorHandler>false</IsErrorHandler>
				<IsGotoDestination>false</IsGotoDestination>
				<IsParent>false</IsParent>
				<ParentName>After login</ParentName>
				<Response>&lt;&lt;ManAcctNewPwd&gt;&gt;</Response>
				<Stimulus>[Nn]ew .*[Pp]assword[:]</Stimulus>
				<UseErrorHandling>true</UseErrorHandling>
			</ExpectScriptItem>
			<ExpectScriptItem>
				<Action>1</Action>
				<ExpectType>0</ExpectType>
				<Goto>4</Goto>
				<Id>1</Id>
				<IsErrorHandler>false</IsErrorHandler>
				<IsGotoDestination>false</IsGotoDestination>
				<IsParent>false</IsParent>
				<ParentName>After login</ParentName>
				<Response>&lt;&lt;ManAcctOldPwd&gt;&gt;</Response>
				<Stimulus>([Oo]ld|[Cc]urrent|[Ee]xisting).*[Pp]assword</Stimulus>
				<UseErrorHandling>true</UseErrorHandling>
			</ExpectScriptItem>
			<ExpectScriptItem>
				<Action>1</Action>
				<ExpectType>0</ExpectType>
				<Goto>5</Goto>
				<Id>1</Id>
				<IsErrorHandler>false</IsErrorHandler>
				<IsGotoDestination>false</IsGotoDestination>
				<IsParent>false</IsParent>
				<ParentName>After login</ParentName>
				<Response>&lt;&lt;LoginUserPwd&gt;&gt;</Response>
				<Stimulus>[Pp]assword[:]</Stimulus>
				<UseErrorHandling>true</UseErrorHandling>
			</ExpectScriptItem>
			<ExpectScriptItem>
				<Action>0</Action>
				<ExpectType>0</ExpectType>
				<Goto>0</Goto>
				<Id>3</Id>
				<IsErrorHandler>false</IsErrorHandler>
				<IsGotoDestination>false</IsGotoDestination>
				<IsParent>true</IsParent>
				<ParentName>Statement Group: 1</ParentName>
				<Response></Response>
				<Stimulus></Stimulus>
				<UseErrorHandling>false</UseErrorHandling>
			</ExpectScriptItem>
			<ExpectScriptItem>
				<Action>0</Action>
				<ExpectType>0</ExpectType>
				<Goto>0</Goto>
				<Id>3</Id>
				<IsErrorHandler>false</IsErrorHandler>
				<IsGotoDestination>true</IsGotoDestination>
				<IsParent>false</IsParent>
				<ParentName>Statement Group: 1</ParentName>
				<Response>&lt;&lt;ManAcctNewPwd&gt;&gt;</Response>
				<Stimulus></Stimulus>
				<UseErrorHandling>true</UseErrorHandling>
			</ExpectScriptItem>
			<ExpectScriptItem>
				<Action>0</Action>
				<ExpectType>0</ExpectType>
				<Goto>0</Goto>
				<Id>3</Id>
				<IsErrorHandler>false</IsErrorHandler>
				<IsGotoDestination>false</IsGotoDestination>
				<IsParent>false</IsParent>
				<ParentName>Statement Group: 1</ParentName>
				<Response>&lt;&lt;ManAcctNewPwd&gt;&gt;</Response>
				<Stimulus>[Nn]ew .*[Pp]assword[:]</Stimulus>
				<UseErrorHandling>true</UseErrorHandling>
			</ExpectScriptItem>
			<ExpectScriptItem>
				<Action>0</Action>
				<ExpectType>0</ExpectType>
				<Goto>0</Goto>
				<Id>3</Id>
				<IsErrorHandler>false</IsErrorHandler>
				<IsGotoDestination>false</IsGotoDestination>
				<IsParent>false</IsParent>
				<ParentName>Statement Group: 1</ParentName>
				<Response>echo PK$?PK</Response>
				<Stimulus>&lt;&lt;PROMPT&gt;&gt;</Stimulus>
				<UseErrorHandling>true</UseErrorHandling>
			</ExpectScriptItem>
			<ExpectScriptItem>
				<Action>0</Action>
				<ExpectType>0</ExpectType>
				<Goto>0</Goto>
				<Id>3</Id>
				<IsErrorHandler>false</IsErrorHandler>
				<IsGotoDestination>false</IsGotoDestination>
				<IsParent>false</IsParent>
				<ParentName>Statement Group: 1</ParentName>
				<Response>&lt;&lt;elevationcommand&gt;&gt; grep &lt;&lt;ManAcctName&gt;&gt;: /etc/shadow | awk -F: &#39;{print "PKHash =",$2}&#39;</Response>
				<Stimulus>PK0PK</Stimulus>
				<UseErrorHandling>false</UseErrorHandling>
			</ExpectScriptItem>
			<ExpectScriptItem>
				<Action>1</Action>
				<ExpectType>0</ExpectType>
				<Goto>6</Goto>
				<Id>3</Id>
				<IsErrorHandler>false</IsErrorHandler>
				<IsGotoDestination>false</IsGotoDestination>
				<IsParent>false</IsParent>
				<ParentName>Statement Group: 1</ParentName>
				<Response>&lt;&lt;exitcommand&gt;&gt;@Success(Password change succeeded)</Response>
				<Stimulus>PKHash = .*</Stimulus>
				<UseErrorHandling>false</UseErrorHandling>
			</ExpectScriptItem>
			<ExpectScriptItem>
				<Action>1</Action>
				<ExpectType>0</ExpectType>
				<Goto>7</Goto>
				<Id>3</Id>
				<IsErrorHandler>false</IsErrorHandler>
				<IsGotoDestination>false</IsGotoDestination>
				<IsParent>false</IsParent>
				<ParentName>Statement Group: 1</ParentName>
				<Response>&lt;&lt;exitcommand&gt;&gt;@Success(Password change succeeded but failed to get the hash: Access denied)</Response>
				<Stimulus>([Dd]enied)|([Cc]an&#39;t open)|([Cc]annot open])</Stimulus>
				<UseErrorHandling>false</UseErrorHandling>
			</ExpectScriptItem>
			<ExpectScriptItem>
				<Action>1</Action>
				<ExpectType>0</ExpectType>
				<Goto>8</Goto>
				<Id>3</Id>
				<IsErrorHandler>false</IsErrorHandler>
				<IsGotoDestination>false</IsGotoDestination>
				<IsParent>false</IsParent>
				<ParentName>Statement Group: 1</ParentName>
				<Response>&lt;&lt;exitcommand&gt;&gt;@Success(Password change succeeded but failed to get the hash: Timeout)</Response>
				<Stimulus>@Event(Timeout)</Stimulus>
				<UseErrorHandling>false</UseErrorHandling>
			</ExpectScriptItem>
			<ExpectScriptItem>
				<Action>0</Action>
				<ExpectType>0</ExpectType>
				<Goto>0</Goto>
				<Id>4</Id>
				<IsErrorHandler>false</IsErrorHandler>
				<IsGotoDestination>false</IsGotoDestination>
				<IsParent>true</IsParent>
				<ParentName>Statement Group: 2</ParentName>
				<Response></Response>
				<Stimulus></Stimulus>
				<UseErrorHandling>false</UseErrorHandling>
			</ExpectScriptItem>
			<ExpectScriptItem>
				<Action>0</Action>
				<ExpectType>0</ExpectType>
				<Goto>0</Goto>
				<Id>4</Id>
				<IsErrorHandler>false</IsErrorHandler>
				<IsGotoDestination>true</IsGotoDestination>
				<IsParent>false</IsParent>
				<ParentName>Statement Group: 2</ParentName>
				<Response>&lt;&lt;ManAcctOldPwd&gt;&gt;</Response>
				<Stimulus></Stimulus>
				<UseErrorHandling>true</UseErrorHandling>
			</ExpectScriptItem>
			<ExpectScriptItem>
				<Action>0</Action>
				<ExpectType>0</ExpectType>
				<Goto>0</Goto>
				<Id>4</Id>
				<IsErrorHandler>false</IsErrorHandler>
				<IsGotoDestination>false</IsGotoDestination>
				<IsParent>false</IsParent>
				<ParentName>Statement Group: 2</ParentName>
				<Response>&lt;&lt;ManAcctNewPwd&gt;&gt;</Response>
				<Stimulus>[Nn]ew .*[Pp]assword</Stimulus>
				<UseErrorHandling>true</UseErrorHandling>
			</ExpectScriptItem>
			<ExpectScriptItem>
				<Action>0</Action>
				<ExpectType>0</ExpectType>
				<Goto>0</Goto>
				<Id>4</Id>
				<IsErrorHandler>false</IsErrorHandler>
				<IsGotoDestination>false</IsGotoDestination>
				<IsParent>false</IsParent>
				<ParentName>Statement Group: 2</ParentName>
				<Response>&lt;&lt;ManAcctNewPwd&gt;&gt;</Response>
				<Stimulus>[Nn]ew .*[Pp]assword</Stimulus>
				<UseErrorHandling>true</UseErrorHandling>
			</ExpectScriptItem>
			<ExpectScriptItem>
				<Action>0</Action>
				<ExpectType>0</ExpectType>
				<Goto>0</Goto>
				<Id>4</Id>
				<IsErrorHandler>false</IsErrorHandler>
				<IsGotoDestination>false</IsGotoDestination>
				<IsParent>false</IsParent>
				<ParentName>Statement Group: 2</ParentName>
				<Response>echo PK$?PK</Response>
				<Stimulus>&lt;&lt;PROMPT&gt;&gt;</Stimulus>
				<UseErrorHandling>true</UseErrorHandling>
			</ExpectScriptItem>
			<ExpectScriptItem>
				<Action>0</Action>
				<ExpectType>0</ExpectType>
				<Goto>0</Goto>
				<Id>4</Id>
				<IsErrorHandler>false</IsErrorHandler>
				<IsGotoDestination>false</IsGotoDestination>
				<IsParent>false</IsParent>
				<ParentName>Statement Group: 2</ParentName>
				<Response>&lt;&lt;elevationcommand&gt;&gt; grep &lt;&lt;ManAcctName&gt;&gt;: /etc/shadow | awk -F: &#39;{print "PKHash =",$2}&#39;</Response>
				<Stimulus>PK0PK</Stimulus>
				<UseErrorHandling>false</UseErrorHandling>
			</ExpectScriptItem>
			<ExpectScriptItem>
				<Action>1</Action>
				<ExpectType>0</ExpectType>
				<Goto>6</Goto>
				<Id>4</Id>
				<IsErrorHandler>false</IsErrorHandler>
				<IsGotoDestination>false</IsGotoDestination>
				<IsParent>false</IsParent>
				<ParentName>Statement Group: 2</ParentName>
				<Response>&lt;&lt;exitcommand&gt;&gt;@Success(Password change succeeded)</Response>
				<Stimulus>PKHash = .*</Stimulus>
				<UseErrorHandling>false</UseErrorHandling>
			</ExpectScriptItem>
			<ExpectScriptItem>
				<Action>1</Action>
				<ExpectType>0</ExpectType>
				<Goto>7</Goto>
				<Id>4</Id>
				<IsErrorHandler>false</IsErrorHandler>
				<IsGotoDestination>false</IsGotoDestination>
				<IsParent>false</IsParent>
				<ParentName>Statement Group: 2</ParentName>
				<Response>&lt;&lt;exitcommand&gt;&gt;@Success(Password change succeeded but failed to get the hash: Access denied)</Response>
				<Stimulus>([Dd]enied)|([Cc]an&#39;t open)|([Cc]annot open])</Stimulus>
				<UseErrorHandling>false</UseErrorHandling>
			</ExpectScriptItem>
			<ExpectScriptItem>
				<Action>1</Action>
				<ExpectType>0</ExpectType>
				<Goto>8</Goto>
				<Id>4</Id>
				<IsErrorHandler>false</IsErrorHandler>
				<IsGotoDestination>false</IsGotoDestination>
				<IsParent>false</IsParent>
				<ParentName>Statement Group: 2</ParentName>
				<Response>&lt;&lt;exitcommand&gt;&gt;@Success(Password change succeeded but failed to get the hash: Timeout)</Response>
				<Stimulus>@Event(Timeout)</Stimulus>
				<UseErrorHandling>false</UseErrorHandling>
			</ExpectScriptItem>
			<ExpectScriptItem>
				<Action>0</Action>
				<ExpectType>0</ExpectType>
				<Goto>0</Goto>
				<Id>5</Id>
				<IsErrorHandler>false</IsErrorHandler>
				<IsGotoDestination>false</IsGotoDestination>
				<IsParent>true</IsParent>
				<ParentName>Statement Group: 3</ParentName>
				<Response></Response>
				<Stimulus></Stimulus>
				<UseErrorHandling>false</UseErrorHandling>
			</ExpectScriptItem>
			<ExpectScriptItem>
				<Action>0</Action>
				<ExpectType>0</ExpectType>
				<Goto>0</Goto>
				<Id>5</Id>
				<IsErrorHandler>false</IsErrorHandler>
				<IsGotoDestination>true</IsGotoDestination>
				<IsParent>false</IsParent>
				<ParentName>Statement Group: 3</ParentName>
				<Response>&lt;&lt;LoginUserPwd&gt;&gt;</Response>
				<Stimulus></Stimulus>
				<UseErrorHandling>true</UseErrorHandling>
			</ExpectScriptItem>
			<ExpectScriptItem>
				<Action>0</Action>
				<ExpectType>0</ExpectType>
				<Goto>0</Goto>
				<Id>5</Id>
				<IsErrorHandler>false</IsErrorHandler>
				<IsGotoDestination>false</IsGotoDestination>
				<IsParent>false</IsParent>
				<ParentName>Statement Group: 3</ParentName>
				<Response>&lt;&lt;ManAcctNewPwd&gt;&gt;</Response>
				<Stimulus>[Nn]ew .*[Pp]assword[:]</Stimulus>
				<UseErrorHandling>true</UseErrorHandling>
			</ExpectScriptItem>
			<ExpectScriptItem>
				<Action>0</Action>
				<ExpectType>0</ExpectType>
				<Goto>0</Goto>
				<Id>5</Id>
				<IsErrorHandler>false</IsErrorHandler>
				<IsGotoDestination>false</IsGotoDestination>
				<IsParent>false</IsParent>
				<ParentName>Statement Group: 3</ParentName>
				<Response>&lt;&lt;ManAcctNewPwd&gt;&gt;</Response>
				<Stimulus>[Nn]ew .*[Pp]assword[:]</Stimulus>
				<UseErrorHandling>true</UseErrorHandling>
			</ExpectScriptItem>
			<ExpectScriptItem>
				<Action>0</Action>
				<ExpectType>0</ExpectType>
				<Goto>0</Goto>
				<Id>5</Id>
				<IsErrorHandler>false</IsErrorHandler>
				<IsGotoDestination>false</IsGotoDestination>
				<IsParent>false</IsParent>
				<ParentName>Statement Group: 3</ParentName>
				<Response>echo PK$?PK</Response>
				<Stimulus>&lt;&lt;PROMPT&gt;&gt;</Stimulus>
				<UseErrorHandling>true</UseErrorHandling>
			</ExpectScriptItem>
			<ExpectScriptItem>
				<Action>0</Action>
				<ExpectType>0</ExpectType>
				<Goto>0</Goto>
				<Id>5</Id>
				<IsErrorHandler>false</IsErrorHandler>
				<IsGotoDestination>false</IsGotoDestination>
				<IsParent>false</IsParent>
				<ParentName>Statement Group: 3</ParentName>
				<Response>&lt;&lt;elevationcommand&gt;&gt; grep &lt;&lt;ManAcctName&gt;&gt;: /etc/shadow | awk -F: &#39;{print "PKHash =",$2}&#39;</Response>
				<Stimulus>PK0PK</Stimulus>
				<UseErrorHandling>false</UseErrorHandling>
			</ExpectScriptItem>
			<ExpectScriptItem>
				<Action>1</Action>
				<ExpectType>0</ExpectType>
				<Goto>6</Goto>
				<Id>5</Id>
				<IsErrorHandler>false</IsErrorHandler>
				<IsGotoDestination>false</IsGotoDestination>
				<IsParent>false</IsParent>
				<ParentName>Statement Group: 3</ParentName>
				<Response>&lt;&lt;exitcommand&gt;&gt;@Success(Password change succeeded)</Response>
				<Stimulus>PKHash = .*</Stimulus>
				<UseErrorHandling>false</UseErrorHandling>
			</ExpectScriptItem>
			<ExpectScriptItem>
				<Action>1</Action>
				<ExpectType>0</ExpectType>
				<Goto>7</Goto>
				<Id>5</Id>
				<IsErrorHandler>false</IsErrorHandler>
				<IsGotoDestination>false</IsGotoDestination>
				<IsParent>false</IsParent>
				<ParentName>Statement Group: 3</ParentName>
				<Response>&lt;&lt;exitcommand&gt;&gt;@Success(Password change succeeded but failed to get the hash: Access denied)</Response>
				<Stimulus>([Dd]enied)|([Cc]an&#39;t open)|([Cc]annot open])</Stimulus>
				<UseErrorHandling>false</UseErrorHandling>
			</ExpectScriptItem>
			<ExpectScriptItem>
				<Action>1</Action>
				<ExpectType>0</ExpectType>
				<Goto>8</Goto>
				<Id>5</Id>
				<IsErrorHandler>false</IsErrorHandler>
				<IsGotoDestination>false</IsGotoDestination>
				<IsParent>false</IsParent>
				<ParentName>Statement Group: 3</ParentName>
				<Response>&lt;&lt;exitcommand&gt;&gt;@Success(Password change succeeded but failed to get the hash: Timeout)</Response>
				<Stimulus>@Event(Timeout)</Stimulus>
				<UseErrorHandling>false</UseErrorHandling>
			</ExpectScriptItem>
			<ExpectScriptItem>
				<Action>0</Action>
				<ExpectType>0</ExpectType>
				<Goto>0</Goto>
				<Id>6</Id>
				<IsErrorHandler>false</IsErrorHandler>
				<IsGotoDestination>false</IsGotoDestination>
				<IsParent>true</IsParent>
				<ParentName>Statement Group: 4</ParentName>
				<Response></Response>
				<Stimulus></Stimulus>
				<UseErrorHandling>false</UseErrorHandling>
			</ExpectScriptItem>
			<ExpectScriptItem>
				<Action>2</Action>
				<ExpectType>0</ExpectType>
				<Goto>0</Goto>
				<Id>6</Id>
				<IsErrorHandler>false</IsErrorHandler>
				<IsGotoDestination>true</IsGotoDestination>
				<IsParent>false</IsParent>
				<ParentName>Statement Group: 4</ParentName>
				<Response>&lt;&lt;exitcommand&gt;&gt;@Success(Password change succeeded)</Response>
				<Stimulus></Stimulus>
				<UseErrorHandling>false</UseErrorHandling>
			</ExpectScriptItem>
			<ExpectScriptItem>
				<Action>0</Action>
				<ExpectType>0</ExpectType>
				<Goto>0</Goto>
				<Id>7</Id>
				<IsErrorHandler>false</IsErrorHandler>
				<IsGotoDestination>false</IsGotoDestination>
				<IsParent>true</IsParent>
				<ParentName>Statement Group: 5</ParentName>
				<Response></Response>
				<Stimulus></Stimulus>
				<UseErrorHandling>false</UseErrorHandling>
			</ExpectScriptItem>
			<ExpectScriptItem>
				<Action>2</Action>
				<ExpectType>0</ExpectType>
				<Goto>0</Goto>
				<Id>7</Id>
				<IsErrorHandler>false</IsErrorHandler>
				<IsGotoDestination>true</IsGotoDestination>
				<IsParent>false</IsParent>
				<ParentName>Statement Group: 5</ParentName>
				<Response>&lt;&lt;exitcommand&gt;&gt;@Success(Password change succeeded but failed to get the hash: Access denied)</Response>
				<Stimulus></Stimulus>
				<UseErrorHandling>false</UseErrorHandling>
			</ExpectScriptItem>
			<ExpectScriptItem>
				<Action>0</Action>
				<ExpectType>0</ExpectType>
				<Goto>0</Goto>
				<Id>8</Id>
				<IsErrorHandler>false</IsErrorHandler>
				<IsGotoDestination>false</IsGotoDestination>
				<IsParent>true</IsParent>
				<ParentName>Statement Group: 6</ParentName>
				<Response></Response>
				<Stimulus></Stimulus>
				<UseErrorHandling>false</UseErrorHandling>
			</ExpectScriptItem>
			<ExpectScriptItem>
				<Action>2</Action>
				<ExpectType>0</ExpectType>
				<Goto>0</Goto>
				<Id>8</Id>
				<IsErrorHandler>false</IsErrorHandler>
				<IsGotoDestination>true</IsGotoDestination>
				<IsParent>false</IsParent>
				<ParentName>Statement Group: 6</ParentName>
				<Response>&lt;&lt;exitcommand&gt;&gt;@Success(Password change succeeded but failed to get the hash: Timeout)</Response>
				<Stimulus></Stimulus>
				<UseErrorHandling>false</UseErrorHandling>
			</ExpectScriptItem>
			<ExpectScriptItem>
				<Action>3</Action>
				<ExpectType>0</ExpectType>
				<Goto>0</Goto>
				<Id>2</Id>
				<IsErrorHandler>true</IsErrorHandler>
				<IsGotoDestination>false</IsGotoDestination>
				<IsParent>true</IsParent>
				<ParentName>Error handling</ParentName>
				<Response></Response>
				<Stimulus></Stimulus>
				<UseErrorHandling>false</UseErrorHandling>
			</ExpectScriptItem>
			<ExpectScriptItem>
				<Action>3</Action>
				<ExpectType>0</ExpectType>
				<Goto>0</Goto>
				<Id>2</Id>
				<IsErrorHandler>true</IsErrorHandler>
				<IsGotoDestination>false</IsGotoDestination>
				<IsParent>false</IsParent>
				<ParentName>Error handling</ParentName>
				<Response>&lt;&lt;exitcommand&gt;&gt;@Failure(Password change failed: Username is invalid or permission denied)</Response>
				<Stimulus>(not.*exist)|[Ff]ailure|[Ii]nvalid|[Uu]nknown</Stimulus>
				<UseErrorHandling>false</UseErrorHandling>
			</ExpectScriptItem>
			<ExpectScriptItem>
				<Action>3</Action>
				<ExpectType>0</ExpectType>
				<Goto>0</Goto>
				<Id>2</Id>
				<IsErrorHandler>true</IsErrorHandler>
				<IsGotoDestination>false</IsGotoDestination>
				<IsParent>false</IsParent>
				<ParentName>Error handling</ParentName>
				<Response>&lt;&lt;exitcommand&gt;&gt;@Failure(Password change failed: Command not found)</Response>
				<Stimulus>.*[Cc]ommand [Nn]ot [Ff]ound</Stimulus>
				<UseErrorHandling>false</UseErrorHandling>
			</ExpectScriptItem>
			<ExpectScriptItem>
				<Action>3</Action>
				<ExpectType>0</ExpectType>
				<Goto>0</Goto>
				<Id>2</Id>
				<IsErrorHandler>true</IsErrorHandler>
				<IsGotoDestination>false</IsGotoDestination>
				<IsParent>false</IsParent>
				<ParentName>Error handling</ParentName>
				<Response>&lt;&lt;exitcommand&gt;&gt;@Failure(Password change failed: permission denied)</Response>
				<Stimulus>(([Pp]asswd:.*.[Nn]ot.*.[Pp]assword)|([Pp]asswd:.*.[Oo]nly.*.root)|([Pp]ermission [Dd]enied))</Stimulus>
				<UseErrorHandling>false</UseErrorHandling>
			</ExpectScriptItem>
			<ExpectScriptItem>
				<Action>3</Action>
				<ExpectType>0</ExpectType>
				<Goto>0</Goto>
				<Id>2</Id>
				<IsErrorHandler>true</IsErrorHandler>
				<IsGotoDestination>false</IsGotoDestination>
				<IsParent>false</IsParent>
				<ParentName>Error handling</ParentName>
				<Response>&lt;&lt;exitcommand&gt;&gt;@Failure(Passwd change failed: Invalid password)</Response>
				<Stimulus>[Pp]lease [Tt]ry [Aa]gain</Stimulus>
				<UseErrorHandling>false</UseErrorHandling>
			</ExpectScriptItem>
			<ExpectScriptItem>
				<Action>3</Action>
				<ExpectType>0</ExpectType>
				<Goto>0</Goto>
				<Id>2</Id>
				<IsErrorHandler>true</IsErrorHandler>
				<IsGotoDestination>false</IsGotoDestination>
				<IsParent>false</IsParent>
				<ParentName>Error handling</ParentName>
				<Response>&lt;&lt;exitcommand&gt;&gt;@Failure(Password change failed)</Response>
				<Stimulus>PK[1-9]*PK|PK[1-9][0-9]*PK</Stimulus>
				<UseErrorHandling>false</UseErrorHandling>
			</ExpectScriptItem>
			<ExpectScriptItem>
				<Action>3</Action>
				<ExpectType>0</ExpectType>
				<Goto>0</Goto>
				<Id>2</Id>
				<IsErrorHandler>true</IsErrorHandler>
				<IsGotoDestination>false</IsGotoDestination>
				<IsParent>false</IsParent>
				<ParentName>Error handling</ParentName>
				<Response>&lt;&lt;exitcommand&gt;&gt;@Failure(Passwd change failed: Invalid password)</Response>
				<Stimulus>[Tt]ry [Aa]gain</Stimulus>
				<UseErrorHandling>false</UseErrorHandling>
			</ExpectScriptItem>
			<ExpectScriptItem>
				<Action>3</Action>
				<ExpectType>0</ExpectType>
				<Goto>0</Goto>
				<Id>2</Id>
				<IsErrorHandler>true</IsErrorHandler>
				<IsGotoDestination>false</IsGotoDestination>
				<IsParent>false</IsParent>
				<ParentName>Error handling</ParentName>
				<Response>&lt;&lt;exitcommand&gt;&gt;@Failure(Password change failed: User not in sudoers file)</Response>
				<Stimulus>(not.*.sudoers)</Stimulus>
				<UseErrorHandling>false</UseErrorHandling>
			</ExpectScriptItem>
		</ExpectScript>
		<ExpectScript type="Replace Public Key">
			<ExpectScriptItem>
				<Action>0</Action>
				<ExpectType>0</ExpectType>
				<Goto>0</Goto>
				<Id>1</Id>
				<IsErrorHandler>false</IsErrorHandler>
				<IsGotoDestination>false</IsGotoDestination>
				<IsParent>true</IsParent>
				<ParentName>After login</ParentName>
				<Response></Response>
				<Stimulus></Stimulus>
				<UseErrorHandling>false</UseErrorHandling>
			</ExpectScriptItem>
			<ExpectScriptItem>
				<Action>0</Action>
				<ExpectType>0</ExpectType>
				<Goto>0</Goto>
				<Id>1</Id>
				<IsErrorHandler>false</IsErrorHandler>
				<IsGotoDestination>false</IsGotoDestination>
				<IsParent>false</IsParent>
				<ParentName>After login</ParentName>
				<Response>&lt;&lt;elevationcommand&gt;&gt; cp ~&lt;&lt;manacctname&gt;&gt;/.ssh/authorized_keys ~&lt;&lt;manacctname&gt;&gt;/.ssh/tmp_keys; &lt;&lt;elevationcommand&gt;&gt; sed &#39;\|&lt;&lt;oldpubkey&gt;&gt;|d&#39; ~&lt;&lt;manacctname&gt;&gt;/.ssh/tmp_keys | &lt;&lt;elevationcommand&gt;&gt; tee ~&lt;&lt;manacctname&gt;&gt;/.ssh/authorized_keys</Response>
				<Stimulus>&lt;&lt;PROMPT&gt;&gt;</Stimulus>
				<UseErrorHandling>true</UseErrorHandling>
			</ExpectScriptItem>
			<ExpectScriptItem>
				<Action>0</Action>
				<ExpectType>0</ExpectType>
				<Goto>0</Goto>
				<Id>1</Id>
				<IsErrorHandler>false</IsErrorHandler>
				<IsGotoDestination>false</IsGotoDestination>
				<IsParent>false</IsParent>
				<ParentName>After login</ParentName>
				<Response>echo &lt;&lt;newpubkey&gt;&gt;|&lt;&lt;elevationcommand&gt;&gt; tee -a ~&lt;&lt;manacctname&gt;&gt;/.ssh/authorized_keys</Response>
				<Stimulus>&lt;&lt;PROMPT&gt;&gt;</Stimulus>
				<UseErrorHandling>true</UseErrorHandling>
			</ExpectScriptItem>
			<ExpectScriptItem>
				<Action>2</Action>
				<ExpectType>0</ExpectType>
				<Goto>0</Goto>
				<Id>1</Id>
				<IsErrorHandler>false</IsErrorHandler>
				<IsGotoDestination>false</IsGotoDestination>
				<IsParent>false</IsParent>
				<ParentName>After login</ParentName>
				<Response>&lt;&lt;exitcommand&gt;&gt;@Success(Store public key succeeded)</Response>
				<Stimulus>&lt;&lt;PROMPT&gt;&gt;</Stimulus>
				<UseErrorHandling>false</UseErrorHandling>
			</ExpectScriptItem>
			<ExpectScriptItem>
				<Action>3</Action>
				<ExpectType>0</ExpectType>
				<Goto>0</Goto>
				<Id>2</Id>
				<IsErrorHandler>true</IsErrorHandler>
				<IsGotoDestination>false</IsGotoDestination>
				<IsParent>true</IsParent>
				<ParentName>Error handling</ParentName>
				<Response></Response>
				<Stimulus></Stimulus>
				<UseErrorHandling>false</UseErrorHandling>
			</ExpectScriptItem>
			<ExpectScriptItem>
				<Action>3</Action>
				<ExpectType>0</ExpectType>
				<Goto>0</Goto>
				<Id>2</Id>
				<IsErrorHandler>true</IsErrorHandler>
				<IsGotoDestination>false</IsGotoDestination>
				<IsParent>false</IsParent>
				<ParentName>Error handling</ParentName>
				<Response>&lt;&lt;exitcommand&gt;&gt;@Failure(Remove public key failed: Access denied)</Response>
				<Stimulus>([Dd]enied)|([Cc]an&#39;t open)|([Cc]annot open)</Stimulus>
				<UseErrorHandling>false</UseErrorHandling>
			</ExpectScriptItem>
			<ExpectScriptItem>
				<Action>3</Action>
				<ExpectType>0</ExpectType>
				<Goto>0</Goto>
				<Id>2</Id>
				<IsErrorHandler>true</IsErrorHandler>
				<IsGotoDestination>false</IsGotoDestination>
				<IsParent>false</IsParent>
				<ParentName>Error handling</ParentName>
				<Response>&lt;&lt;exitcommand&gt;&gt;@Failure(Remove public key failed: File or directory does not exist)</Response>
				<Stimulus>([Cc]an&#39;t read)|([Nn]o such file or directory)</Stimulus>
				<UseErrorHandling>false</UseErrorHandling>
			</ExpectScriptItem>
		</ExpectScript>
	</ExpectScriptItems>
	<Template>{
	"description":"",
	"name":"Solaris",
	"properties":{},
	"tags":{"funcacctname":"",
	"funcacctpwd":"",
	"funcacctkey":"",
	"funcacctkeypass":"",
	"address":"",
	"elevationcommand":"",
	"port":"22",
	"assetname":"",
	"manacctname":"",
	"manacctoldpwd":"",
	"manacctoldkey":"",
	"manacctoldkeypass":"",
	"manacctnewpwd":"",
	"endofline":"\u000d",
	"exitcommand":"exit",
	"interrupt":"",
	"passwordcommand":"", "timeout":"20000",
	"prompt":"((.].?#)|[$&gt;]|(~&gt;)|(~.?#))",
	"configureprompt":"",
	"elevatedprompt":"",
	"enablepassword":"",
	"loginusername":"",
	"loginuserpwd":"",
	"loginuserkey":"",
	"loginuserkeypass":"",
	"custommetadata":"[{\"Action\":0,\"ExpectType\":0,\"Goto\":0,\"Id\":1,\"IsErrorHandler\":false,\"IsGotoDestination\":false,\"IsParent\":true,\"ParentName\":\"After login\",\"Response\":\"\",\"Stimulus\":\"\",\"UseErrorHandling\":false},{\"Action\":0,\"ExpectType\":0,\"Goto\":0,\"Id\":1,\"IsErrorHandler\":false,\"IsGotoDestination\":false,\"IsParent\":false,\"ParentName\":\"After login\",\"Response\":\"LANG=en_US; &lt;&lt;elevationcommand&gt;&gt; -x -1 passwd &lt;&lt;ManAcctName&gt;&gt;\",\"Stimulus\":\"&lt;&lt;PROMPT&gt;&gt;\",\"UseErrorHandling\":true},{\"Action\":0,\"ExpectType\":0,\"Goto\":0,\"Id\":1,\"IsErrorHandler\":false,\"IsGotoDestination\":false,\"IsParent\":false,\"ParentName\":\"After login\",\"Response\":\"&lt;&lt;elevationcommand&gt;&gt; passwd &lt;&lt;ManAcctName&gt;&gt;\",\"Stimulus\":\"&lt;&lt;PROMPT&gt;&gt;\",\"UseErrorHandling\":true},{\"Action\":1,\"ExpectType\":0,\"Goto\":3,\"Id\":1,\"IsErrorHandler\":false,\"IsGotoDestination\":false,\"IsParent\":false,\"ParentName\":\"After login\",\"Response\":\"&lt;&lt;ManAcctNewPwd&gt;&gt;\",\"Stimulus\":\"[Nn]ew .*[Pp]assword[:]\",\"UseErrorHandling\":true},{\"Action\":1,\"ExpectType\":0,\"Goto\":4,\"Id\":1,\"IsErrorHandler\":false,\"IsGotoDestination\":false,\"IsParent\":false,\"ParentName\":\"After login\",\"Response\":\"&lt;&lt;ManAcctOldPwd&gt;&gt;\",\"Stimulus\":\"([Oo]ld|[Cc]urrent|[Ee]xisting).*[Pp]assword\",\"UseErrorHandling\":true},{\"Action\":1,\"ExpectType\":0,\"Goto\":5,\"Id\":1,\"IsErrorHandler\":false,\"IsGotoDestination\":false,\"IsParent\":false,\"ParentName\":\"After login\",\"Response\":\"&lt;&lt;LoginUserPwd&gt;&gt;\",\"Stimulus\":\"[Pp]assword[:]\",\"UseErrorHandling\":true},{\"Action\":0,\"ExpectType\":0,\"Goto\":0,\"Id\":3,\"IsErrorHandler\":false,\"IsGotoDestination\":false,\"IsParent\":true,\"ParentName\":\"Statement Group: 1\",\"Response\":\"\",\"Stimulus\":\"\",\"UseErrorHandling\":false},{\"Action\":0,\"ExpectType\":0,\"Goto\":0,\"Id\":3,\"IsErrorHandler\":false,\"IsGotoDestination\":true,\"IsParent\":false,\"ParentName\":\"Statement Group: 1\",\"Response\":\"&lt;&lt;ManAcctNewPwd&gt;&gt;\",\"Stimulus\":\"\",\"UseErrorHandling\":true},{\"Action\":0,\"ExpectType\":0,\"Goto\":0,\"Id\":3,\"IsErrorHandler\":false,\"IsGotoDestination\":false,\"IsParent\":false,\"ParentName\":\"Statement Group: 1\",\"Response\":\"&lt;&lt;ManAcctNewPwd&gt;&gt;\",\"Stimulus\":\"[Nn]ew .*[Pp]assword[:]\",\"UseErrorHandling\":true},{\"Action\":0,\"ExpectType\":0,\"Goto\":0,\"Id\":3,\"IsErrorHandler\":false,\"IsGotoDestination\":false,\"IsParent\":false,\"ParentName\":\"Statement Group: 1\",\"Response\":\"echo PK$?PK\",\"Stimulus\":\"&lt;&lt;PROMPT&gt;&gt;\",\"UseErrorHandling\":true},{\"Action\":0,\"ExpectType\":0,\"Goto\":0,\"Id\":3,\"IsErrorHandler\":false,\"IsGotoDestination\":false,\"IsParent\":false,\"ParentName\":\"Statement Group: 1\",\"Response\":\"&lt;&lt;elevationcommand&gt;&gt; grep &lt;&lt;ManAcctName&gt;&gt;: \\\/etc\\\/shadow | awk -F: &#39;{print \\\"PKHash =\\\",$2}&#39;\",\"Stimulus\":\"PK0PK\",\"UseErrorHandling\":false},{\"Action\":1,\"ExpectType\":0,\"Goto\":6,\"Id\":3,\"IsErrorHandler\":false,\"IsGotoDestination\":false,\"IsParent\":false,\"ParentName\":\"Statement Group: 1\",\"Response\":\"&lt;&lt;exitcommand&gt;&gt;@Success(Password change succeeded)\",\"Stimulus\":\"PKHash = .*\",\"UseErrorHandling\":false},{\"Action\":1,\"ExpectType\":0,\"Goto\":7,\"Id\":3,\"IsErrorHandler\":false,\"IsGotoDestination\":false,\"IsParent\":false,\"ParentName\":\"Statement Group: 1\",\"Response\":\"&lt;&lt;exitcommand&gt;&gt;@Success(Password change succeeded but failed to get the hash: Access denied)\",\"Stimulus\":\"([Dd]enied)|([Cc]an&#39;t open)|([Cc]annot open])\",\"UseErrorHandling\":false},{\"Action\":1,\"ExpectType\":0,\"Goto\":8,\"Id\":3,\"IsErrorHandler\":false,\"IsGotoDestination\":false,\"IsParent\":false,\"ParentName\":\"Statement Group: 1\",\"Response\":\"&lt;&lt;exitcommand&gt;&gt;@Success(Password change succeeded but failed to get the hash: Timeout)\",\"Stimulus\":\"@Event(Timeout)\",\"UseErrorHandling\":false},{\"Action\":0,\"ExpectType\":0,\"Goto\":0,\"Id\":4,\"IsErrorHandler\":false,\"IsGotoDestination\":false,\"IsParent\":true,\"ParentName\":\"Statement Group: 2\",\"Response\":\"\",\"Stimulus\":\"\",\"UseErrorHandling\":false},{\"Action\":0,\"ExpectType\":0,\"Goto\":0,\"Id\":4,\"IsErrorHandler\":false,\"IsGotoDestination\":true,\"IsParent\":false,\"ParentName\":\"Statement Group: 2\",\"Response\":\"&lt;&lt;ManAcctOldPwd&gt;&gt;\",\"Stimulus\":\"\",\"UseErrorHandling\":true},{\"Action\":0,\"ExpectType\":0,\"Goto\":0,\"Id\":4,\"IsErrorHandler\":false,\"IsGotoDestination\":false,\"IsParent\":false,\"ParentName\":\"Statement Group: 2\",\"Response\":\"&lt;&lt;ManAcctNewPwd&gt;&gt;\",\"Stimulus\":\"[Nn]ew .*[Pp]assword\",\"UseErrorHandling\":true},{\"Action\":0,\"ExpectType\":0,\"Goto\":0,\"Id\":4,\"IsErrorHandler\":false,\"IsGotoDestination\":false,\"IsParent\":false,\"ParentName\":\"Statement Group: 2\",\"Response\":\"&lt;&lt;ManAcctNewPwd&gt;&gt;\",\"Stimulus\":\"[Nn]ew .*[Pp]assword\",\"UseErrorHandling\":true},{\"Action\":0,\"ExpectType\":0,\"Goto\":0,\"Id\":4,\"IsErrorHandler\":false,\"IsGotoDestination\":false,\"IsParent\":false,\"ParentName\":\"Statement Group: 2\",\"Response\":\"echo PK$?PK\",\"Stimulus\":\"&lt;&lt;PROMPT&gt;&gt;\",\"UseErrorHandling\":true},{\"Action\":0,\"ExpectType\":0,\"Goto\":0,\"Id\":4,\"IsErrorHandler\":false,\"IsGotoDestination\":false,\"IsParent\":false,\"ParentName\":\"Statement Group: 2\",\"Response\":\"&lt;&lt;elevationcommand&gt;&gt; grep &lt;&lt;ManAcctName&gt;&gt;: \\\/etc\\\/shadow | awk -F: &#39;{print \\\"PKHash =\\\",$2}&#39;\",\"Stimulus\":\"PK0PK\",\"UseErrorHandling\":false},{\"Action\":1,\"ExpectType\":0,\"Goto\":6,\"Id\":4,\"IsErrorHandler\":false,\"IsGotoDestination\":false,\"IsParent\":false,\"ParentName\":\"Statement Group: 2\",\"Response\":\"&lt;&lt;exitcommand&gt;&gt;@Success(Password change succeeded)\",\"Stimulus\":\"PKHash = .*\",\"UseErrorHandling\":false},{\"Action\":1,\"ExpectType\":0,\"Goto\":7,\"Id\":4,\"IsErrorHandler\":false,\"IsGotoDestination\":false,\"IsParent\":false,\"ParentName\":\"Statement Group: 2\",\"Response\":\"&lt;&lt;exitcommand&gt;&gt;@Success(Password change succeeded but failed to get the hash: Access denied)\",\"Stimulus\":\"([Dd]enied)|([Cc]an&#39;t open)|([Cc]annot open])\",\"UseErrorHandling\":false},{\"Action\":1,\"ExpectType\":0,\"Goto\":8,\"Id\":4,\"IsErrorHandler\":false,\"IsGotoDestination\":false,\"IsParent\":false,\"ParentName\":\"Statement Group: 2\",\"Response\":\"&lt;&lt;exitcommand&gt;&gt;@Success(Password change succeeded but failed to get the hash: Timeout)\",\"Stimulus\":\"@Event(Timeout)\",\"UseErrorHandling\":false},{\"Action\":0,\"ExpectType\":0,\"Goto\":0,\"Id\":5,\"IsErrorHandler\":false,\"IsGotoDestination\":false,\"IsParent\":true,\"ParentName\":\"Statement Group: 3\",\"Response\":\"\",\"Stimulus\":\"\",\"UseErrorHandling\":false},{\"Action\":0,\"ExpectType\":0,\"Goto\":0,\"Id\":5,\"IsErrorHandler\":false,\"IsGotoDestination\":true,\"IsParent\":false,\"ParentName\":\"Statement Group: 3\",\"Response\":\"&lt;&lt;LoginUserPwd&gt;&gt;\",\"Stimulus\":\"\",\"UseErrorHandling\":true},{\"Action\":0,\"ExpectType\":0,\"Goto\":0,\"Id\":5,\"IsErrorHandler\":false,\"IsGotoDestination\":false,\"IsParent\":false,\"ParentName\":\"Statement Group: 3\",\"Response\":\"&lt;&lt;ManAcctNewPwd&gt;&gt;\",\"Stimulus\":\"[Nn]ew .*[Pp]assword[:]\",\"UseErrorHandling\":true},{\"Action\":0,\"ExpectType\":0,\"Goto\":0,\"Id\":5,\"IsErrorHandler\":false,\"IsGotoDestination\":false,\"IsParent\":false,\"ParentName\":\"Statement Group: 3\",\"Response\":\"&lt;&lt;ManAcctNewPwd&gt;&gt;\",\"Stimulus\":\"[Nn]ew .*[Pp]assword[:]\",\"UseErrorHandling\":true},{\"Action\":0,\"ExpectType\":0,\"Goto\":0,\"Id\":5,\"IsErrorHandler\":false,\"IsGotoDestination\":false,\"IsParent\":false,\"ParentName\":\"Statement Group: 3\",\"Response\":\"echo PK$?PK\",\"Stimulus\":\"&lt;&lt;PROMPT&gt;&gt;\",\"UseErrorHandling\":true},{\"Action\":0,\"ExpectType\":0,\"Goto\":0,\"Id\":5,\"IsErrorHandler\":false,\"IsGotoDestination\":false,\"IsParent\":false,\"ParentName\":\"Statement Group: 3\",\"Response\":\"&lt;&lt;elevationcommand&gt;&gt; grep &lt;&lt;ManAcctName&gt;&gt;: \\\/etc\\\/shadow | awk -F: &#39;{print \\\"PKHash =\\\",$2}&#39;\",\"Stimulus\":\"PK0PK\",\"UseErrorHandling\":false},{\"Action\":1,\"ExpectType\":0,\"Goto\":6,\"Id\":5,\"IsErrorHandler\":false,\"IsGotoDestination\":false,\"IsParent\":false,\"ParentName\":\"Statement Group: 3\",\"Response\":\"&lt;&lt;exitcommand&gt;&gt;@Success(Password change succeeded)\",\"Stimulus\":\"PKHash = .*\",\"UseErrorHandling\":false},{\"Action\":1,\"ExpectType\":0,\"Goto\":7,\"Id\":5,\"IsErrorHandler\":false,\"IsGotoDestination\":false,\"IsParent\":false,\"ParentName\":\"Statement Group: 3\",\"Response\":\"&lt;&lt;exitcommand&gt;&gt;@Success(Password change succeeded but failed to get the hash: Access denied)\",\"Stimulus\":\"([Dd]enied)|([Cc]an&#39;t open)|([Cc]annot open])\",\"UseErrorHandling\":false},{\"Action\":1,\"ExpectType\":0,\"Goto\":8,\"Id\":5,\"IsErrorHandler\":false,\"IsGotoDestination\":false,\"IsParent\":false,\"ParentName\":\"Statement Group: 3\",\"Response\":\"&lt;&lt;exitcommand&gt;&gt;@Success(Password change succeeded but failed to get the hash: Timeout)\",\"Stimulus\":\"@Event(Timeout)\",\"UseErrorHandling\":false},{\"Action\":0,\"ExpectType\":0,\"Goto\":0,\"Id\":6,\"IsErrorHandler\":false,\"IsGotoDestination\":false,\"IsParent\":true,\"ParentName\":\"Statement Group: 4\",\"Response\":\"\",\"Stimulus\":\"\",\"UseErrorHandling\":false},{\"Action\":2,\"ExpectType\":0,\"Goto\":0,\"Id\":6,\"IsErrorHandler\":false,\"IsGotoDestination\":true,\"IsParent\":false,\"ParentName\":\"Statement Group: 4\",\"Response\":\"&lt;&lt;exitcommand&gt;&gt;@Success(Password change succeeded)\",\"Stimulus\":\"\",\"UseErrorHandling\":false},{\"Action\":0,\"ExpectType\":0,\"Goto\":0,\"Id\":7,\"IsErrorHandler\":false,\"IsGotoDestination\":false,\"IsParent\":true,\"ParentName\":\"Statement Group: 5\",\"Response\":\"\",\"Stimulus\":\"\",\"UseErrorHandling\":false},{\"Action\":2,\"ExpectType\":0,\"Goto\":0,\"Id\":7,\"IsErrorHandler\":false,\"IsGotoDestination\":true,\"IsParent\":false,\"ParentName\":\"Statement Group: 5\",\"Response\":\"&lt;&lt;exitcommand&gt;&gt;@Success(Password change succeeded but failed to get the hash: Access denied)\",\"Stimulus\":\"\",\"UseErrorHandling\":false},{\"Action\":0,\"ExpectType\":0,\"Goto\":0,\"Id\":8,\"IsErrorHandler\":false,\"IsGotoDestination\":false,\"IsParent\":true,\"ParentName\":\"Statement Group: 6\",\"Response\":\"\",\"Stimulus\":\"\",\"UseErrorHandling\":false},{\"Action\":2,\"ExpectType\":0,\"Goto\":0,\"Id\":8,\"IsErrorHandler\":false,\"IsGotoDestination\":true,\"IsParent\":false,\"ParentName\":\"Statement Group: 6\",\"Response\":\"&lt;&lt;exitcommand&gt;&gt;@Success(Password change succeeded but failed to get the hash: Timeout)\",\"Stimulus\":\"\",\"UseErrorHandling\":false},{\"Action\":3,\"ExpectType\":0,\"Goto\":0,\"Id\":2,\"IsErrorHandler\":true,\"IsGotoDestination\":false,\"IsParent\":true,\"ParentName\":\"Error handling\",\"Response\":\"\",\"Stimulus\":\"\",\"UseErrorHandling\":false},{\"Action\":3,\"ExpectType\":0,\"Goto\":0,\"Id\":2,\"IsErrorHandler\":true,\"IsGotoDestination\":false,\"IsParent\":false,\"ParentName\":\"Error handling\",\"Response\":\"&lt;&lt;exitcommand&gt;&gt;@Failure(Password change failed: Username is invalid or permission denied)\",\"Stimulus\":\"(not.*exist)|[Ff]ailure|[Ii]nvalid|[Uu]nknown\",\"UseErrorHandling\":false},{\"Action\":3,\"ExpectType\":0,\"Goto\":0,\"Id\":2,\"IsErrorHandler\":true,\"IsGotoDestination\":false,\"IsParent\":false,\"ParentName\":\"Error handling\",\"Response\":\"&lt;&lt;exitcommand&gt;&gt;@Failure(Password change failed: Command not found)\",\"Stimulus\":\".*[Cc]ommand [Nn]ot [Ff]ound\",\"UseErrorHandling\":false},{\"Action\":3,\"ExpectType\":0,\"Goto\":0,\"Id\":2,\"IsErrorHandler\":true,\"IsGotoDestination\":false,\"IsParent\":false,\"ParentName\":\"Error handling\",\"Response\":\"&lt;&lt;exitcommand&gt;&gt;@Failure(Password change failed: permission denied)\",\"Stimulus\":\"(([Pp]asswd:.*.[Nn]ot.*.[Pp]assword)|([Pp]asswd:.*.[Oo]nly.*.root)|([Pp]ermission [Dd]enied))\",\"UseErrorHandling\":false},{\"Action\":3,\"ExpectType\":0,\"Goto\":0,\"Id\":2,\"IsErrorHandler\":true,\"IsGotoDestination\":false,\"IsParent\":false,\"ParentName\":\"Error handling\",\"Response\":\"&lt;&lt;exitcommand&gt;&gt;@Failure(Passwd change failed: Invalid password)\",\"Stimulus\":\"[Pp]lease [Tt]ry [Aa]gain\",\"UseErrorHandling\":false},{\"Action\":3,\"ExpectType\":0,\"Goto\":0,\"Id\":2,\"IsErrorHandler\":true,\"IsGotoDestination\":false,\"IsParent\":false,\"ParentName\":\"Error handling\",\"Response\":\"&lt;&lt;exitcommand&gt;&gt;@Failure(Password change failed)\",\"Stimulus\":\"PK[1-9]*PK|PK[1-9][0-9]*PK\",\"UseErrorHandling\":false},{\"Action\":3,\"ExpectType\":0,\"Goto\":0,\"Id\":2,\"IsErrorHandler\":true,\"IsGotoDestination\":false,\"IsParent\":false,\"ParentName\":\"Error handling\",\"Response\":\"&lt;&lt;exitcommand&gt;&gt;@Failure(Passwd change failed: Invalid password)\",\"Stimulus\":\"[Tt]ry [Aa]gain\",\"UseErrorHandling\":false},{\"Action\":3,\"ExpectType\":0,\"Goto\":0,\"Id\":2,\"IsErrorHandler\":true,\"IsGotoDestination\":false,\"IsParent\":false,\"ParentName\":\"Error handling\",\"Response\":\"&lt;&lt;exitcommand&gt;&gt;@Failure(Password change failed: User not in sudoers file)\",\"Stimulus\":\"(not.*.sudoers)\",\"UseErrorHandling\":false}]",
	"custommetadatacheckpassword":"[{\"Action\":0,\"ExpectType\":0,\"Goto\":0,\"Id\":1,\"IsErrorHandler\":false,\"IsGotoDestination\":false,\"IsParent\":true,\"ParentName\":\"After login\",\"Response\":\"\",\"Stimulus\":\"\",\"UseErrorHandling\":false},{\"Action\":0,\"ExpectType\":0,\"Goto\":0,\"Id\":1,\"IsErrorHandler\":false,\"IsGotoDestination\":false,\"IsParent\":false,\"ParentName\":\"After login\",\"Response\":\"&lt;&lt;elevationcommand&gt;&gt;\",\"Stimulus\":\"&lt;&lt;PROMPT&gt;&gt;\",\"UseErrorHandling\":true},{\"Action\":1,\"ExpectType\":0,\"Goto\":6,\"Id\":1,\"IsErrorHandler\":false,\"IsGotoDestination\":false,\"IsParent\":false,\"ParentName\":\"After login\",\"Response\":\"\",\"Stimulus\":\"[Pp]assword:|[Cc]redential\",\"UseErrorHandling\":false},{\"Action\":1,\"ExpectType\":0,\"Goto\":4,\"Id\":1,\"IsErrorHandler\":false,\"IsGotoDestination\":false,\"IsParent\":false,\"ParentName\":\"After login\",\"Response\":\"su &lt;&lt;ManAcctName&gt;&gt;\",\"Stimulus\":\"&lt;&lt;PROMPT&gt;&gt;\",\"UseErrorHandling\":false},{\"Action\":0,\"ExpectType\":0,\"Goto\":0,\"Id\":4,\"IsErrorHandler\":false,\"IsGotoDestination\":false,\"IsParent\":true,\"ParentName\":\"Statement Group: 1\",\"Response\":\"\",\"Stimulus\":\"\",\"UseErrorHandling\":false},{\"Action\":0,\"ExpectType\":0,\"Goto\":0,\"Id\":4,\"IsErrorHandler\":false,\"IsGotoDestination\":true,\"IsParent\":false,\"ParentName\":\"Statement Group: 1\",\"Response\":\"LANG=en_US; \\\/usr\\\/ucb\\\/whoami\",\"Stimulus\":\"\",\"UseErrorHandling\":true},{\"Action\":1,\"ExpectType\":0,\"Goto\":8,\"Id\":4,\"IsErrorHandler\":false,\"IsGotoDestination\":false,\"IsParent\":false,\"ParentName\":\"Statement Group: 1\",\"Response\":\"\",\"Stimulus\":\"&lt;&lt;manacctname&gt;&gt;\",\"UseErrorHandling\":false},{\"Action\":1,\"ExpectType\":0,\"Goto\":5,\"Id\":4,\"IsErrorHandler\":false,\"IsGotoDestination\":false,\"IsParent\":false,\"ParentName\":\"Statement Group: 1\",\"Response\":\"\",\"Stimulus\":\"&lt;&lt;PROMPT&gt;&gt;\",\"UseErrorHandling\":false},{\"Action\":0,\"ExpectType\":0,\"Goto\":0,\"Id\":5,\"IsErrorHandler\":false,\"IsGotoDestination\":false,\"IsParent\":true,\"ParentName\":\"Statement Group: 2\",\"Response\":\"\",\"Stimulus\":\"\",\"UseErrorHandling\":false},{\"Action\":0,\"ExpectType\":0,\"Goto\":0,\"Id\":5,\"IsErrorHandler\":false,\"IsGotoDestination\":true,\"IsParent\":false,\"ParentName\":\"Statement Group: 2\",\"Response\":\"su &lt;&lt;ManAcctName&gt;&gt;\",\"Stimulus\":\"\",\"UseErrorHandling\":true},{\"Action\":1,\"ExpectType\":0,\"Goto\":6,\"Id\":5,\"IsErrorHandler\":false,\"IsGotoDestination\":false,\"IsParent\":false,\"ParentName\":\"Statement Group: 2\",\"Response\":\"\",\"Stimulus\":\"[Pp]assword:|[Cc]redential\",\"UseErrorHandling\":false},{\"Action\":1,\"ExpectType\":0,\"Goto\":7,\"Id\":5,\"IsErrorHandler\":false,\"IsGotoDestination\":false,\"IsParent\":false,\"ParentName\":\"Statement Group: 2\",\"Response\":\"\",\"Stimulus\":\"&lt;&lt;PROMPT&gt;&gt;\",\"UseErrorHandling\":false},{\"Action\":0,\"ExpectType\":0,\"Goto\":0,\"Id\":6,\"IsErrorHandler\":false,\"IsGotoDestination\":false,\"IsParent\":true,\"ParentName\":\"Statement Group: 3\",\"Response\":\"\",\"Stimulus\":\"\",\"UseErrorHandling\":false},{\"Action\":0,\"ExpectType\":0,\"Goto\":0,\"Id\":6,\"IsErrorHandler\":false,\"IsGotoDestination\":true,\"IsParent\":false,\"ParentName\":\"Statement Group: 3\",\"Response\":\"&lt;&lt;manacctoldpwd&gt;&gt;\",\"Stimulus\":\"\",\"UseErrorHandling\":true},{\"Action\":1,\"ExpectType\":0,\"Goto\":8,\"Id\":6,\"IsErrorHandler\":false,\"IsGotoDestination\":false,\"IsParent\":false,\"ParentName\":\"Statement Group: 3\",\"Response\":\"\",\"Stimulus\":\"&lt;&lt;PROMPT&gt;&gt;\",\"UseErrorHandling\":false},{\"Action\":0,\"ExpectType\":0,\"Goto\":0,\"Id\":7,\"IsErrorHandler\":false,\"IsGotoDestination\":false,\"IsParent\":true,\"ParentName\":\"Statement Group: 4\",\"Response\":\"\",\"Stimulus\":\"\",\"UseErrorHandling\":false},{\"Action\":0,\"ExpectType\":0,\"Goto\":0,\"Id\":7,\"IsErrorHandler\":false,\"IsGotoDestination\":true,\"IsParent\":false,\"ParentName\":\"Statement Group: 4\",\"Response\":\"su &lt;&lt;ManAcctName&gt;&gt;\",\"Stimulus\":\"\",\"UseErrorHandling\":true},{\"Action\":0,\"ExpectType\":0,\"Goto\":0,\"Id\":7,\"IsErrorHandler\":false,\"IsGotoDestination\":false,\"IsParent\":false,\"ParentName\":\"Statement Group: 4\",\"Response\":\"&lt;&lt;manacctoldpwd&gt;&gt;\",\"Stimulus\":\"[Pp]assword:|[Cc]redential\",\"UseErrorHandling\":true},{\"Action\":1,\"ExpectType\":0,\"Goto\":8,\"Id\":7,\"IsErrorHandler\":false,\"IsGotoDestination\":false,\"IsParent\":false,\"ParentName\":\"Statement Group: 4\",\"Response\":\"\",\"Stimulus\":\"&lt;&lt;PROMPT&gt;&gt;\",\"UseErrorHandling\":false},{\"Action\":0,\"ExpectType\":0,\"Goto\":0,\"Id\":8,\"IsErrorHandler\":false,\"IsGotoDestination\":false,\"IsParent\":true,\"ParentName\":\"Statement Group: 5\",\"Response\":\"\",\"Stimulus\":\"\",\"UseErrorHandling\":false},{\"Action\":2,\"ExpectType\":0,\"Goto\":0,\"Id\":8,\"IsErrorHandler\":false,\"IsGotoDestination\":true,\"IsParent\":false,\"ParentName\":\"Statement Group: 5\",\"Response\":\"&lt;&lt;exitcommand&gt;&gt;@Success(Password check succeeded)\",\"Stimulus\":\"\",\"UseErrorHandling\":false},{\"Action\":3,\"ExpectType\":0,\"Goto\":0,\"Id\":2,\"IsErrorHandler\":true,\"IsGotoDestination\":false,\"IsParent\":true,\"ParentName\":\"Error handling\",\"Response\":\"\",\"Stimulus\":\"\",\"UseErrorHandling\":false},{\"Action\":3,\"ExpectType\":0,\"Goto\":0,\"Id\":2,\"IsErrorHandler\":true,\"IsGotoDestination\":false,\"IsParent\":false,\"ParentName\":\"Error handling\",\"Response\":\"&lt;&lt;exitcommand&gt;&gt;@Failure(Password check failed: Invalid password)\",\"Stimulus\":\"(([Ss]orry)|([Ii]ncorrect [Pp]assword)|([Aa]uthentication [Ff]ailure)|([Aa]uthentication.*.[Dd]enied))\",\"UseErrorHandling\":false}]",
	"custommetadatareplacepublickey":"[{\"Action\":0,\"ExpectType\":0,\"Goto\":0,\"Id\":1,\"IsErrorHandler\":false,\"IsGotoDestination\":false,\"IsParent\":true,\"ParentName\":\"After login\",\"Response\":\"\",\"Stimulus\":\"\",\"UseErrorHandling\":false},{\"Action\":0,\"ExpectType\":0,\"Goto\":0,\"Id\":1,\"IsErrorHandler\":false,\"IsGotoDestination\":false,\"IsParent\":false,\"ParentName\":\"After login\",\"Response\":\"&lt;&lt;elevationcommand&gt;&gt; cp ~&lt;&lt;manacctname&gt;&gt;\\\/.ssh\\\/authorized_keys ~&lt;&lt;manacctname&gt;&gt;\\\/.ssh\\\/tmp_keys; &lt;&lt;elevationcommand&gt;&gt; sed &#39;\\\\|&lt;&lt;oldpubkey&gt;&gt;|d&#39; ~&lt;&lt;manacctname&gt;&gt;\\\/.ssh\\\/tmp_keys | &lt;&lt;elevationcommand&gt;&gt; tee ~&lt;&lt;manacctname&gt;&gt;\\\/.ssh\\\/authorized_keys\",\"Stimulus\":\"&lt;&lt;PROMPT&gt;&gt;\",\"UseErrorHandling\":true},{\"Action\":0,\"ExpectType\":0,\"Goto\":0,\"Id\":1,\"IsErrorHandler\":false,\"IsGotoDestination\":false,\"IsParent\":false,\"ParentName\":\"After login\",\"Response\":\"echo &lt;&lt;newpubkey&gt;&gt;|&lt;&lt;elevationcommand&gt;&gt; tee -a ~&lt;&lt;manacctname&gt;&gt;\\\/.ssh\\\/authorized_keys\",\"Stimulus\":\"&lt;&lt;PROMPT&gt;&gt;\",\"UseErrorHandling\":true},{\"Action\":2,\"ExpectType\":0,\"Goto\":0,\"Id\":1,\"IsErrorHandler\":false,\"IsGotoDestination\":false,\"IsParent\":false,\"ParentName\":\"After login\",\"Response\":\"&lt;&lt;exitcommand&gt;&gt;@Success(Store public key succeeded)\",\"Stimulus\":\"&lt;&lt;PROMPT&gt;&gt;\",\"UseErrorHandling\":false},{\"Action\":3,\"ExpectType\":0,\"Goto\":0,\"Id\":2,\"IsErrorHandler\":true,\"IsGotoDestination\":false,\"IsParent\":true,\"ParentName\":\"Error handling\",\"Response\":\"\",\"Stimulus\":\"\",\"UseErrorHandling\":false},{\"Action\":3,\"ExpectType\":0,\"Goto\":0,\"Id\":2,\"IsErrorHandler\":true,\"IsGotoDestination\":false,\"IsParent\":false,\"ParentName\":\"Error handling\",\"Response\":\"&lt;&lt;exitcommand&gt;&gt;@Failure(Remove public key failed: Access denied)\",\"Stimulus\":\"([Dd]enied)|([Cc]an&#39;t open)|([Cc]annot open)\",\"UseErrorHandling\":false},{\"Action\":3,\"ExpectType\":0,\"Goto\":0,\"Id\":2,\"IsErrorHandler\":true,\"IsGotoDestination\":false,\"IsParent\":false,\"ParentName\":\"Error handling\",\"Response\":\"&lt;&lt;exitcommand&gt;&gt;@Failure(Remove public key failed: File or directory does not exist)\",\"Stimulus\":\"([Cc]an&#39;t read)|([Nn]o such file or directory)\",\"UseErrorHandling\":false}]"},
	"work":[
			{"expect":[
				{"char_delay":-1,"expect":[
				{"char_delay":-1,"expect":[],"id":"", "line_delay":-1,"response":"&lt;&lt;exitcommand&gt;&gt;@Failure(Password change failed: Username is invalid or permission denied)", "stimulus":"@RE((not.*exist)|[Ff]ailure|[Ii]nvalid|[Uu]nknown)", "timeout":0},
				{"char_delay":-1,"expect":[],"id":"", "line_delay":-1,"response":"&lt;&lt;exitcommand&gt;&gt;@Failure(Password change failed: Command not found)", "stimulus":"@RE(.*[Cc]ommand [Nn]ot [Ff]ound)", "timeout":0},
				{"char_delay":-1,"expect":[],"id":"", "line_delay":-1,"response":"&lt;&lt;exitcommand&gt;&gt;@Failure(Password change failed: permission denied)", "stimulus":"@RE((([Pp]asswd:.*.[Nn]ot.*.[Pp]assword)|([Pp]asswd:.*.[Oo]nly.*.root)|([Pp]ermission [Dd]enied)))", "timeout":0},
				{"char_delay":-1,"expect":[],"id":"", "line_delay":-1,"response":"&lt;&lt;exitcommand&gt;&gt;@Failure(Passwd change failed: Invalid password)", "stimulus":"@RE([Pp]lease [Tt]ry [Aa]gain)", "timeout":0},
				{"char_delay":-1,"expect":[],"id":"", "line_delay":-1,"response":"&lt;&lt;exitcommand&gt;&gt;@Failure(Password change failed)", "stimulus":"@RE(PK[1-9]*PK|PK[1-9][0-9]*PK)", "timeout":0},
				{"char_delay":-1,"expect":[],"id":"", "line_delay":-1,"response":"&lt;&lt;exitcommand&gt;&gt;@Failure(Passwd change failed: Invalid password)", "stimulus":"@RE([Tt]ry [Aa]gain)", "timeout":0},
				{"char_delay":-1,"expect":[],"id":"", "line_delay":-1,"response":"&lt;&lt;exitcommand&gt;&gt;@Failure(Password change failed: User not in sudoers file)", "stimulus":"@RE((not.*.sudoers))", "timeout":0},
				{"char_delay":-1,"expect":[
				{"char_delay":-1,"expect":[],"id":"", "line_delay":-1,"response":"&lt;&lt;exitcommand&gt;&gt;@Failure(Password change failed: Username is invalid or permission denied)", "stimulus":"@RE((not.*exist)|[Ff]ailure|[Ii]nvalid|[Uu]nknown)", "timeout":0},
				{"char_delay":-1,"expect":[],"id":"", "line_delay":-1,"response":"&lt;&lt;exitcommand&gt;&gt;@Failure(Password change failed: Command not found)", "stimulus":"@RE(.*[Cc]ommand [Nn]ot [Ff]ound)", "timeout":0},
				{"char_delay":-1,"expect":[],"id":"", "line_delay":-1,"response":"&lt;&lt;exitcommand&gt;&gt;@Failure(Password change failed: permission denied)", "stimulus":"@RE((([Pp]asswd:.*.[Nn]ot.*.[Pp]assword)|([Pp]asswd:.*.[Oo]nly.*.root)|([Pp]ermission [Dd]enied)))", "timeout":0},
				{"char_delay":-1,"expect":[],"id":"", "line_delay":-1,"response":"&lt;&lt;exitcommand&gt;&gt;@Failure(Passwd change failed: Invalid password)", "stimulus":"@RE([Pp]lease [Tt]ry [Aa]gain)", "timeout":0},
				{"char_delay":-1,"expect":[],"id":"", "line_delay":-1,"response":"&lt;&lt;exitcommand&gt;&gt;@Failure(Password change failed)", "stimulus":"@RE(PK[1-9]*PK|PK[1-9][0-9]*PK)", "timeout":0},
				{"char_delay":-1,"expect":[],"id":"", "line_delay":-1,"response":"&lt;&lt;exitcommand&gt;&gt;@Failure(Passwd change failed: Invalid password)", "stimulus":"@RE([Tt]ry [Aa]gain)", "timeout":0},
				{"char_delay":-1,"expect":[],"id":"", "line_delay":-1,"response":"&lt;&lt;exitcommand&gt;&gt;@Failure(Password change failed: User not in sudoers file)", "stimulus":"@RE((not.*.sudoers))", "timeout":0},
				{"char_delay":-1,"expect":[
				{"char_delay":-1,"expect":[],"id":"", "line_delay":-1,"response":"&lt;&lt;exitcommand&gt;&gt;@Failure(Password change failed: Username is invalid or permission denied)", "stimulus":"@RE((not.*exist)|[Ff]ailure|[Ii]nvalid|[Uu]nknown)", "timeout":0},
				{"char_delay":-1,"expect":[],"id":"", "line_delay":-1,"response":"&lt;&lt;exitcommand&gt;&gt;@Failure(Password change failed: Command not found)", "stimulus":"@RE(.*[Cc]ommand [Nn]ot [Ff]ound)", "timeout":0},
				{"char_delay":-1,"expect":[],"id":"", "line_delay":-1,"response":"&lt;&lt;exitcommand&gt;&gt;@Failure(Password change failed: permission denied)", "stimulus":"@RE((([Pp]asswd:.*.[Nn]ot.*.[Pp]assword)|([Pp]asswd:.*.[Oo]nly.*.root)|([Pp]ermission [Dd]enied)))", "timeout":0},
				{"char_delay":-1,"expect":[],"id":"", "line_delay":-1,"response":"&lt;&lt;exitcommand&gt;&gt;@Failure(Passwd change failed: Invalid password)", "stimulus":"@RE([Pp]lease [Tt]ry [Aa]gain)", "timeout":0},
				{"char_delay":-1,"expect":[],"id":"", "line_delay":-1,"response":"&lt;&lt;exitcommand&gt;&gt;@Failure(Password change failed)", "stimulus":"@RE(PK[1-9]*PK|PK[1-9][0-9]*PK)", "timeout":0},
				{"char_delay":-1,"expect":[],"id":"", "line_delay":-1,"response":"&lt;&lt;exitcommand&gt;&gt;@Failure(Passwd change failed: Invalid password)", "stimulus":"@RE([Tt]ry [Aa]gain)", "timeout":0},
				{"char_delay":-1,"expect":[],"id":"", "line_delay":-1,"response":"&lt;&lt;exitcommand&gt;&gt;@Failure(Password change failed: User not in sudoers file)", "stimulus":"@RE((not.*.sudoers))", "timeout":0},
				{"char_delay":-1,"expect":[
				{"char_delay":-1,"expect":[],"id":"", "line_delay":-1,"response":"&lt;&lt;exitcommand&gt;&gt;@Failure(Password change failed: Username is invalid or permission denied)", "stimulus":"@RE((not.*exist)|[Ff]ailure|[Ii]nvalid|[Uu]nknown)", "timeout":0},
				{"char_delay":-1,"expect":[],"id":"", "line_delay":-1,"response":"&lt;&lt;exitcommand&gt;&gt;@Failure(Password change failed: Command not found)", "stimulus":"@RE(.*[Cc]ommand [Nn]ot [Ff]ound)", "timeout":0},
				{"char_delay":-1,"expect":[],"id":"", "line_delay":-1,"response":"&lt;&lt;exitcommand&gt;&gt;@Failure(Password change failed: permission denied)", "stimulus":"@RE((([Pp]asswd:.*.[Nn]ot.*.[Pp]assword)|([Pp]asswd:.*.[Oo]nly.*.root)|([Pp]ermission [Dd]enied)))", "timeout":0},
				{"char_delay":-1,"expect":[],"id":"", "line_delay":-1,"response":"&lt;&lt;exitcommand&gt;&gt;@Failure(Passwd change failed: Invalid password)", "stimulus":"@RE([Pp]lease [Tt]ry [Aa]gain)", "timeout":0},
				{"char_delay":-1,"expect":[],"id":"", "line_delay":-1,"response":"&lt;&lt;exitcommand&gt;&gt;@Failure(Password change failed)", "stimulus":"@RE(PK[1-9]*PK|PK[1-9][0-9]*PK)", "timeout":0},
				{"char_delay":-1,"expect":[],"id":"", "line_delay":-1,"response":"&lt;&lt;exitcommand&gt;&gt;@Failure(Passwd change failed: Invalid password)", "stimulus":"@RE([Tt]ry [Aa]gain)", "timeout":0},
				{"char_delay":-1,"expect":[],"id":"", "line_delay":-1,"response":"&lt;&lt;exitcommand&gt;&gt;@Failure(Password change failed: User not in sudoers file)", "stimulus":"@RE((not.*.sudoers))", "timeout":0},
				{"char_delay":-1,"expect":[
				{"char_delay":-1,"expect":[],"id":"", "line_delay":-1,"response":"&lt;&lt;exitcommand&gt;&gt;@Failure(Password change failed: Username is invalid or permission denied)", "stimulus":"@RE((not.*exist)|[Ff]ailure|[Ii]nvalid|[Uu]nknown)", "timeout":0},
				{"char_delay":-1,"expect":[],"id":"", "line_delay":-1,"response":"&lt;&lt;exitcommand&gt;&gt;@Failure(Password change failed: Command not found)", "stimulus":"@RE(.*[Cc]ommand [Nn]ot [Ff]ound)", "timeout":0},
				{"char_delay":-1,"expect":[],"id":"", "line_delay":-1,"response":"&lt;&lt;exitcommand&gt;&gt;@Failure(Password change failed: permission denied)", "stimulus":"@RE((([Pp]asswd:.*.[Nn]ot.*.[Pp]assword)|([Pp]asswd:.*.[Oo]nly.*.root)|([Pp]ermission [Dd]enied)))", "timeout":0},
				{"char_delay":-1,"expect":[],"id":"", "line_delay":-1,"response":"&lt;&lt;exitcommand&gt;&gt;@Failure(Passwd change failed: Invalid password)", "stimulus":"@RE([Pp]lease [Tt]ry [Aa]gain)", "timeout":0},
				{"char_delay":-1,"expect":[],"id":"", "line_delay":-1,"response":"&lt;&lt;exitcommand&gt;&gt;@Failure(Password change failed)", "stimulus":"@RE(PK[1-9]*PK|PK[1-9][0-9]*PK)", "timeout":0},
				{"char_delay":-1,"expect":[],"id":"", "line_delay":-1,"response":"&lt;&lt;exitcommand&gt;&gt;@Failure(Passwd change failed: Invalid password)", "stimulus":"@RE([Tt]ry [Aa]gain)", "timeout":0},
				{"char_delay":-1,"expect":[],"id":"", "line_delay":-1,"response":"&lt;&lt;exitcommand&gt;&gt;@Failure(Password change failed: User not in sudoers file)", "stimulus":"@RE((not.*.sudoers))", "timeout":0},
				{"char_delay":-1,"expect":[
				{"char_delay":-1,"expect":[],"id":"", "line_delay":-1,"response":"&lt;&lt;exitcommand&gt;&gt;@Success(Password change succeeded)", "stimulus":"@RE(PKHash = .*)", "timeout":-1},
				{"char_delay":-1,"expect":[],"id":"", "line_delay":-1,"response":"&lt;&lt;exitcommand&gt;&gt;@Success(Password change succeeded but failed to get the hash: Access denied)", "stimulus":"@RE(([Dd]enied)|([Cc]an&#39;t open)|([Cc]annot open]))", "timeout":-1},
				{"char_delay":-1,"expect":[],"id":"", "line_delay":-1,"response":"&lt;&lt;exitcommand&gt;&gt;@Success(Password change succeeded but failed to get the hash: Timeout)", "stimulus":"@RE(@Event(Timeout))", "timeout":-1}],
	"id":"", "line_delay":-1,"response":"&lt;&lt;elevationcommand&gt;&gt; grep &lt;&lt;ManAcctName&gt;&gt;: \/etc\/shadow | awk -F: &#39;{print \"PKHash =\",$2}&#39;&lt;&lt;endofline&gt;&gt;", "stimulus":"@RE(PK0PK)", "timeout":-1}],
	"id":"", "line_delay":-1,"response":"echo PK$?PK&lt;&lt;endofline&gt;&gt;", "stimulus":"@RE(&lt;&lt;PROMPT&gt;&gt;)", "timeout":-1}],
	"id":"", "line_delay":-1,"response":"&lt;&lt;ManAcctNewPwd&gt;&gt;&lt;&lt;endofline&gt;&gt;", "stimulus":"@RE([Nn]ew .*[Pp]assword[:])", "timeout":-1}],
	"id":"", "line_delay":-1,"response":"&lt;&lt;ManAcctNewPwd&gt;&gt;&lt;&lt;endofline&gt;&gt;", "stimulus":"@RE([Nn]ew .*[Pp]assword[:])", "timeout":-1},
				{"char_delay":-1,"expect":[
				{"char_delay":-1,"expect":[],"id":"", "line_delay":-1,"response":"&lt;&lt;exitcommand&gt;&gt;@Failure(Password change failed: Username is invalid or permission denied)", "stimulus":"@RE((not.*exist)|[Ff]ailure|[Ii]nvalid|[Uu]nknown)", "timeout":0},
				{"char_delay":-1,"expect":[],"id":"", "line_delay":-1,"response":"&lt;&lt;exitcommand&gt;&gt;@Failure(Password change failed: Command not found)", "stimulus":"@RE(.*[Cc]ommand [Nn]ot [Ff]ound)", "timeout":0},
				{"char_delay":-1,"expect":[],"id":"", "line_delay":-1,"response":"&lt;&lt;exitcommand&gt;&gt;@Failure(Password change failed: permission denied)", "stimulus":"@RE((([Pp]asswd:.*.[Nn]ot.*.[Pp]assword)|([Pp]asswd:.*.[Oo]nly.*.root)|([Pp]ermission [Dd]enied)))", "timeout":0},
				{"char_delay":-1,"expect":[],"id":"", "line_delay":-1,"response":"&lt;&lt;exitcommand&gt;&gt;@Failure(Passwd change failed: Invalid password)", "stimulus":"@RE([Pp]lease [Tt]ry [Aa]gain)", "timeout":0},
				{"char_delay":-1,"expect":[],"id":"", "line_delay":-1,"response":"&lt;&lt;exitcommand&gt;&gt;@Failure(Password change failed)", "stimulus":"@RE(PK[1-9]*PK|PK[1-9][0-9]*PK)", "timeout":0},
				{"char_delay":-1,"expect":[],"id":"", "line_delay":-1,"response":"&lt;&lt;exitcommand&gt;&gt;@Failure(Passwd change failed: Invalid password)", "stimulus":"@RE([Tt]ry [Aa]gain)", "timeout":0},
				{"char_delay":-1,"expect":[],"id":"", "line_delay":-1,"response":"&lt;&lt;exitcommand&gt;&gt;@Failure(Password change failed: User not in sudoers file)", "stimulus":"@RE((not.*.sudoers))", "timeout":0},
				{"char_delay":-1,"expect":[
				{"char_delay":-1,"expect":[],"id":"", "line_delay":-1,"response":"&lt;&lt;exitcommand&gt;&gt;@Failure(Password change failed: Username is invalid or permission denied)", "stimulus":"@RE((not.*exist)|[Ff]ailure|[Ii]nvalid|[Uu]nknown)", "timeout":0},
				{"char_delay":-1,"expect":[],"id":"", "line_delay":-1,"response":"&lt;&lt;exitcommand&gt;&gt;@Failure(Password change failed: Command not found)", "stimulus":"@RE(.*[Cc]ommand [Nn]ot [Ff]ound)", "timeout":0},
				{"char_delay":-1,"expect":[],"id":"", "line_delay":-1,"response":"&lt;&lt;exitcommand&gt;&gt;@Failure(Password change failed: permission denied)", "stimulus":"@RE((([Pp]asswd:.*.[Nn]ot.*.[Pp]assword)|([Pp]asswd:.*.[Oo]nly.*.root)|([Pp]ermission [Dd]enied)))", "timeout":0},
				{"char_delay":-1,"expect":[],"id":"", "line_delay":-1,"response":"&lt;&lt;exitcommand&gt;&gt;@Failure(Passwd change failed: Invalid password)", "stimulus":"@RE([Pp]lease [Tt]ry [Aa]gain)", "timeout":0},
				{"char_delay":-1,"expect":[],"id":"", "line_delay":-1,"response":"&lt;&lt;exitcommand&gt;&gt;@Failure(Password change failed)", "stimulus":"@RE(PK[1-9]*PK|PK[1-9][0-9]*PK)", "timeout":0},
				{"char_delay":-1,"expect":[],"id":"", "line_delay":-1,"response":"&lt;&lt;exitcommand&gt;&gt;@Failure(Passwd change failed: Invalid password)", "stimulus":"@RE([Tt]ry [Aa]gain)", "timeout":0},
				{"char_delay":-1,"expect":[],"id":"", "line_delay":-1,"response":"&lt;&lt;exitcommand&gt;&gt;@Failure(Password change failed: User not in sudoers file)", "stimulus":"@RE((not.*.sudoers))", "timeout":0},
				{"char_delay":-1,"expect":[
				{"char_delay":-1,"expect":[],"id":"", "line_delay":-1,"response":"&lt;&lt;exitcommand&gt;&gt;@Failure(Password change failed: Username is invalid or permission denied)", "stimulus":"@RE((not.*exist)|[Ff]ailure|[Ii]nvalid|[Uu]nknown)", "timeout":0},
				{"char_delay":-1,"expect":[],"id":"", "line_delay":-1,"response":"&lt;&lt;exitcommand&gt;&gt;@Failure(Password change failed: Command not found)", "stimulus":"@RE(.*[Cc]ommand [Nn]ot [Ff]ound)", "timeout":0},
				{"char_delay":-1,"expect":[],"id":"", "line_delay":-1,"response":"&lt;&lt;exitcommand&gt;&gt;@Failure(Password change failed: permission denied)", "stimulus":"@RE((([Pp]asswd:.*.[Nn]ot.*.[Pp]assword)|([Pp]asswd:.*.[Oo]nly.*.root)|([Pp]ermission [Dd]enied)))", "timeout":0},
				{"char_delay":-1,"expect":[],"id":"", "line_delay":-1,"response":"&lt;&lt;exitcommand&gt;&gt;@Failure(Passwd change failed: Invalid password)", "stimulus":"@RE([Pp]lease [Tt]ry [Aa]gain)", "timeout":0},
				{"char_delay":-1,"expect":[],"id":"", "line_delay":-1,"response":"&lt;&lt;exitcommand&gt;&gt;@Failure(Password change failed)", "stimulus":"@RE(PK[1-9]*PK|PK[1-9][0-9]*PK)", "timeout":0},
				{"char_delay":-1,"expect":[],"id":"", "line_delay":-1,"response":"&lt;&lt;exitcommand&gt;&gt;@Failure(Passwd change failed: Invalid password)", "stimulus":"@RE([Tt]ry [Aa]gain)", "timeout":0},
				{"char_delay":-1,"expect":[],"id":"", "line_delay":-1,"response":"&lt;&lt;exitcommand&gt;&gt;@Failure(Password change failed: User not in sudoers file)", "stimulus":"@RE((not.*.sudoers))", "timeout":0},
				{"char_delay":-1,"expect":[
				{"char_delay":-1,"expect":[],"id":"", "line_delay":-1,"response":"&lt;&lt;exitcommand&gt;&gt;@Failure(Password change failed: Username is invalid or permission denied)", "stimulus":"@RE((not.*exist)|[Ff]ailure|[Ii]nvalid|[Uu]nknown)", "timeout":0},
				{"char_delay":-1,"expect":[],"id":"", "line_delay":-1,"response":"&lt;&lt;exitcommand&gt;&gt;@Failure(Password change failed: Command not found)", "stimulus":"@RE(.*[Cc]ommand [Nn]ot [Ff]ound)", "timeout":0},
				{"char_delay":-1,"expect":[],"id":"", "line_delay":-1,"response":"&lt;&lt;exitcommand&gt;&gt;@Failure(Password change failed: permission denied)", "stimulus":"@RE((([Pp]asswd:.*.[Nn]ot.*.[Pp]assword)|([Pp]asswd:.*.[Oo]nly.*.root)|([Pp]ermission [Dd]enied)))", "timeout":0},
				{"char_delay":-1,"expect":[],"id":"", "line_delay":-1,"response":"&lt;&lt;exitcommand&gt;&gt;@Failure(Passwd change failed: Invalid password)", "stimulus":"@RE([Pp]lease [Tt]ry [Aa]gain)", "timeout":0},
				{"char_delay":-1,"expect":[],"id":"", "line_delay":-1,"response":"&lt;&lt;exitcommand&gt;&gt;@Failure(Password change failed)", "stimulus":"@RE(PK[1-9]*PK|PK[1-9][0-9]*PK)", "timeout":0},
				{"char_delay":-1,"expect":[],"id":"", "line_delay":-1,"response":"&lt;&lt;exitcommand&gt;&gt;@Failure(Passwd change failed: Invalid password)", "stimulus":"@RE([Tt]ry [Aa]gain)", "timeout":0},
				{"char_delay":-1,"expect":[],"id":"", "line_delay":-1,"response":"&lt;&lt;exitcommand&gt;&gt;@Failure(Password change failed: User not in sudoers file)", "stimulus":"@RE((not.*.sudoers))", "timeout":0},
				{"char_delay":-1,"expect":[
				{"char_delay":-1,"expect":[],"id":"", "line_delay":-1,"response":"&lt;&lt;exitcommand&gt;&gt;@Success(Password change succeeded)", "stimulus":"@RE(PKHash = .*)", "timeout":-1},
				{"char_delay":-1,"expect":[],"id":"", "line_delay":-1,"response":"&lt;&lt;exitcommand&gt;&gt;@Success(Password change succeeded but failed to get the hash: Access denied)", "stimulus":"@RE(([Dd]enied)|([Cc]an&#39;t open)|([Cc]annot open]))", "timeout":-1},
				{"char_delay":-1,"expect":[],"id":"", "line_delay":-1,"response":"&lt;&lt;exitcommand&gt;&gt;@Success(Password change succeeded but failed to get the hash: Timeout)", "stimulus":"@RE(@Event(Timeout))", "timeout":-1}],
	"id":"", "line_delay":-1,"response":"&lt;&lt;elevationcommand&gt;&gt; grep &lt;&lt;ManAcctName&gt;&gt;: \/etc\/shadow | awk -F: &#39;{print \"PKHash =\",$2}&#39;&lt;&lt;endofline&gt;&gt;", "stimulus":"@RE(PK0PK)", "timeout":-1}],
	"id":"", "line_delay":-1,"response":"echo PK$?PK&lt;&lt;endofline&gt;&gt;", "stimulus":"@RE(&lt;&lt;PROMPT&gt;&gt;)", "timeout":-1}],
	"id":"", "line_delay":-1,"response":"&lt;&lt;ManAcctNewPwd&gt;&gt;&lt;&lt;endofline&gt;&gt;", "stimulus":"@RE([Nn]ew .*[Pp]assword)", "timeout":-1}],
	"id":"", "line_delay":-1,"response":"&lt;&lt;ManAcctNewPwd&gt;&gt;&lt;&lt;endofline&gt;&gt;", "stimulus":"@RE([Nn]ew .*[Pp]assword)", "timeout":-1}],
	"id":"", "line_delay":-1,"response":"&lt;&lt;ManAcctOldPwd&gt;&gt;&lt;&lt;endofline&gt;&gt;", "stimulus":"@RE(([Oo]ld|[Cc]urrent|[Ee]xisting).*[Pp]assword)", "timeout":-1},
				{"char_delay":-1,"expect":[
				{"char_delay":-1,"expect":[],"id":"", "line_delay":-1,"response":"&lt;&lt;exitcommand&gt;&gt;@Failure(Password change failed: Username is invalid or permission denied)", "stimulus":"@RE((not.*exist)|[Ff]ailure|[Ii]nvalid|[Uu]nknown)", "timeout":0},
				{"char_delay":-1,"expect":[],"id":"", "line_delay":-1,"response":"&lt;&lt;exitcommand&gt;&gt;@Failure(Password change failed: Command not found)", "stimulus":"@RE(.*[Cc]ommand [Nn]ot [Ff]ound)", "timeout":0},
				{"char_delay":-1,"expect":[],"id":"", "line_delay":-1,"response":"&lt;&lt;exitcommand&gt;&gt;@Failure(Password change failed: permission denied)", "stimulus":"@RE((([Pp]asswd:.*.[Nn]ot.*.[Pp]assword)|([Pp]asswd:.*.[Oo]nly.*.root)|([Pp]ermission [Dd]enied)))", "timeout":0},
				{"char_delay":-1,"expect":[],"id":"", "line_delay":-1,"response":"&lt;&lt;exitcommand&gt;&gt;@Failure(Passwd change failed: Invalid password)", "stimulus":"@RE([Pp]lease [Tt]ry [Aa]gain)", "timeout":0},
				{"char_delay":-1,"expect":[],"id":"", "line_delay":-1,"response":"&lt;&lt;exitcommand&gt;&gt;@Failure(Password change failed)", "stimulus":"@RE(PK[1-9]*PK|PK[1-9][0-9]*PK)", "timeout":0},
				{"char_delay":-1,"expect":[],"id":"", "line_delay":-1,"response":"&lt;&lt;exitcommand&gt;&gt;@Failure(Passwd change failed: Invalid password)", "stimulus":"@RE([Tt]ry [Aa]gain)", "timeout":0},
				{"char_delay":-1,"expect":[],"id":"", "line_delay":-1,"response":"&lt;&lt;exitcommand&gt;&gt;@Failure(Password change failed: User not in sudoers file)", "stimulus":"@RE((not.*.sudoers))", "timeout":0},
				{"char_delay":-1,"expect":[
				{"char_delay":-1,"expect":[],"id":"", "line_delay":-1,"response":"&lt;&lt;exitcommand&gt;&gt;@Failure(Password change failed: Username is invalid or permission denied)", "stimulus":"@RE((not.*exist)|[Ff]ailure|[Ii]nvalid|[Uu]nknown)", "timeout":0},
				{"char_delay":-1,"expect":[],"id":"", "line_delay":-1,"response":"&lt;&lt;exitcommand&gt;&gt;@Failure(Password change failed: Command not found)", "stimulus":"@RE(.*[Cc]ommand [Nn]ot [Ff]ound)", "timeout":0},
				{"char_delay":-1,"expect":[],"id":"", "line_delay":-1,"response":"&lt;&lt;exitcommand&gt;&gt;@Failure(Password change failed: permission denied)", "stimulus":"@RE((([Pp]asswd:.*.[Nn]ot.*.[Pp]assword)|([Pp]asswd:.*.[Oo]nly.*.root)|([Pp]ermission [Dd]enied)))", "timeout":0},
				{"char_delay":-1,"expect":[],"id":"", "line_delay":-1,"response":"&lt;&lt;exitcommand&gt;&gt;@Failure(Passwd change failed: Invalid password)", "stimulus":"@RE([Pp]lease [Tt]ry [Aa]gain)", "timeout":0},
				{"char_delay":-1,"expect":[],"id":"", "line_delay":-1,"response":"&lt;&lt;exitcommand&gt;&gt;@Failure(Password change failed)", "stimulus":"@RE(PK[1-9]*PK|PK[1-9][0-9]*PK)", "timeout":0},
				{"char_delay":-1,"expect":[],"id":"", "line_delay":-1,"response":"&lt;&lt;exitcommand&gt;&gt;@Failure(Passwd change failed: Invalid password)", "stimulus":"@RE([Tt]ry [Aa]gain)", "timeout":0},
				{"char_delay":-1,"expect":[],"id":"", "line_delay":-1,"response":"&lt;&lt;exitcommand&gt;&gt;@Failure(Password change failed: User not in sudoers file)", "stimulus":"@RE((not.*.sudoers))", "timeout":0},
				{"char_delay":-1,"expect":[
				{"char_delay":-1,"expect":[],"id":"", "line_delay":-1,"response":"&lt;&lt;exitcommand&gt;&gt;@Failure(Password change failed: Username is invalid or permission denied)", "stimulus":"@RE((not.*exist)|[Ff]ailure|[Ii]nvalid|[Uu]nknown)", "timeout":0},
				{"char_delay":-1,"expect":[],"id":"", "line_delay":-1,"response":"&lt;&lt;exitcommand&gt;&gt;@Failure(Password change failed: Command not found)", "stimulus":"@RE(.*[Cc]ommand [Nn]ot [Ff]ound)", "timeout":0},
				{"char_delay":-1,"expect":[],"id":"", "line_delay":-1,"response":"&lt;&lt;exitcommand&gt;&gt;@Failure(Password change failed: permission denied)", "stimulus":"@RE((([Pp]asswd:.*.[Nn]ot.*.[Pp]assword)|([Pp]asswd:.*.[Oo]nly.*.root)|([Pp]ermission [Dd]enied)))", "timeout":0},
				{"char_delay":-1,"expect":[],"id":"", "line_delay":-1,"response":"&lt;&lt;exitcommand&gt;&gt;@Failure(Passwd change failed: Invalid password)", "stimulus":"@RE([Pp]lease [Tt]ry [Aa]gain)", "timeout":0},
				{"char_delay":-1,"expect":[],"id":"", "line_delay":-1,"response":"&lt;&lt;exitcommand&gt;&gt;@Failure(Password change failed)", "stimulus":"@RE(PK[1-9]*PK|PK[1-9][0-9]*PK)", "timeout":0},
				{"char_delay":-1,"expect":[],"id":"", "line_delay":-1,"response":"&lt;&lt;exitcommand&gt;&gt;@Failure(Passwd change failed: Invalid password)", "stimulus":"@RE([Tt]ry [Aa]gain)", "timeout":0},
				{"char_delay":-1,"expect":[],"id":"", "line_delay":-1,"response":"&lt;&lt;exitcommand&gt;&gt;@Failure(Password change failed: User not in sudoers file)", "stimulus":"@RE((not.*.sudoers))", "timeout":0},
				{"char_delay":-1,"expect":[
				{"char_delay":-1,"expect":[],"id":"", "line_delay":-1,"response":"&lt;&lt;exitcommand&gt;&gt;@Failure(Password change failed: Username is invalid or permission denied)", "stimulus":"@RE((not.*exist)|[Ff]ailure|[Ii]nvalid|[Uu]nknown)", "timeout":0},
				{"char_delay":-1,"expect":[],"id":"", "line_delay":-1,"response":"&lt;&lt;exitcommand&gt;&gt;@Failure(Password change failed: Command not found)", "stimulus":"@RE(.*[Cc]ommand [Nn]ot [Ff]ound)", "timeout":0},
				{"char_delay":-1,"expect":[],"id":"", "line_delay":-1,"response":"&lt;&lt;exitcommand&gt;&gt;@Failure(Password change failed: permission denied)", "stimulus":"@RE((([Pp]asswd:.*.[Nn]ot.*.[Pp]assword)|([Pp]asswd:.*.[Oo]nly.*.root)|([Pp]ermission [Dd]enied)))", "timeout":0},
				{"char_delay":-1,"expect":[],"id":"", "line_delay":-1,"response":"&lt;&lt;exitcommand&gt;&gt;@Failure(Passwd change failed: Invalid password)", "stimulus":"@RE([Pp]lease [Tt]ry [Aa]gain)", "timeout":0},
				{"char_delay":-1,"expect":[],"id":"", "line_delay":-1,"response":"&lt;&lt;exitcommand&gt;&gt;@Failure(Password change failed)", "stimulus":"@RE(PK[1-9]*PK|PK[1-9][0-9]*PK)", "timeout":0},
				{"char_delay":-1,"expect":[],"id":"", "line_delay":-1,"response":"&lt;&lt;exitcommand&gt;&gt;@Failure(Passwd change failed: Invalid password)", "stimulus":"@RE([Tt]ry [Aa]gain)", "timeout":0},
				{"char_delay":-1,"expect":[],"id":"", "line_delay":-1,"response":"&lt;&lt;exitcommand&gt;&gt;@Failure(Password change failed: User not in sudoers file)", "stimulus":"@RE((not.*.sudoers))", "timeout":0},
				{"char_delay":-1,"expect":[
				{"char_delay":-1,"expect":[],"id":"", "line_delay":-1,"response":"&lt;&lt;exitcommand&gt;&gt;@Success(Password change succeeded)", "stimulus":"@RE(PKHash = .*)", "timeout":-1},
				{"char_delay":-1,"expect":[],"id":"", "line_delay":-1,"response":"&lt;&lt;exitcommand&gt;&gt;@Success(Password change succeeded but failed to get the hash: Access denied)", "stimulus":"@RE(([Dd]enied)|([Cc]an&#39;t open)|([Cc]annot open]))", "timeout":-1},
				{"char_delay":-1,"expect":[],"id":"", "line_delay":-1,"response":"&lt;&lt;exitcommand&gt;&gt;@Success(Password change succeeded but failed to get the hash: Timeout)", "stimulus":"@RE(@Event(Timeout))", "timeout":-1}],
	"id":"", "line_delay":-1,"response":"&lt;&lt;elevationcommand&gt;&gt; grep &lt;&lt;ManAcctName&gt;&gt;: \/etc\/shadow | awk -F: &#39;{print \"PKHash =\",$2}&#39;&lt;&lt;endofline&gt;&gt;", "stimulus":"@RE(PK0PK)", "timeout":-1}],
	"id":"", "line_delay":-1,"response":"echo PK$?PK&lt;&lt;endofline&gt;&gt;", "stimulus":"@RE(&lt;&lt;PROMPT&gt;&gt;)", "timeout":-1}],
	"id":"", "line_delay":-1,"response":"&lt;&lt;ManAcctNewPwd&gt;&gt;&lt;&lt;endofline&gt;&gt;", "stimulus":"@RE([Nn]ew .*[Pp]assword[:])", "timeout":-1}],
	"id":"", "line_delay":-1,"response":"&lt;&lt;ManAcctNewPwd&gt;&gt;&lt;&lt;endofline&gt;&gt;", "stimulus":"@RE([Nn]ew .*[Pp]assword[:])", "timeout":-1}],
	"id":"", "line_delay":-1,"response":"&lt;&lt;LoginUserPwd&gt;&gt;&lt;&lt;endofline&gt;&gt;", "stimulus":"@RE([Pp]assword[:])", "timeout":-1}],
	"id":"", "line_delay":-1,"response":"&lt;&lt;elevationcommand&gt;&gt; passwd &lt;&lt;ManAcctName&gt;&gt;&lt;&lt;endofline&gt;&gt;", "stimulus":"@RE(&lt;&lt;PROMPT&gt;&gt;)", "timeout":-1}],
	"id":"", "line_delay":-1,"response":"LANG=en_US; &lt;&lt;elevationcommand&gt;&gt; -x -1 passwd &lt;&lt;ManAcctName&gt;&gt;&lt;&lt;endofline&gt;&gt;", "stimulus":"@RE(&lt;&lt;PROMPT&gt;&gt;)", "timeout":-1}],
	"name":"ChangePassword",
	"type":1},{"expect":[
				{"char_delay":-1,"expect":[
				{"char_delay":-1,"expect":[],"id":"", "line_delay":-1,"response":"&lt;&lt;exitcommand&gt;&gt;@Failure(Password check failed: Invalid password)", "stimulus":"@RE((([Ss]orry)|([Ii]ncorrect [Pp]assword)|([Aa]uthentication [Ff]ailure)|([Aa]uthentication.*.[Dd]enied)))", "timeout":0},
				{"char_delay":-1,"expect":[
				{"char_delay":-1,"expect":[],"id":"", "line_delay":-1,"response":"&lt;&lt;exitcommand&gt;&gt;@Failure(Password check failed: Invalid password)", "stimulus":"@RE((([Ss]orry)|([Ii]ncorrect [Pp]assword)|([Aa]uthentication [Ff]ailure)|([Aa]uthentication.*.[Dd]enied)))", "timeout":0},
				{"char_delay":-1,"expect":[],"id":"", "line_delay":-1,"response":"&lt;&lt;exitcommand&gt;&gt;@Success(Password check succeeded)", "stimulus":"@RE(&lt;&lt;PROMPT&gt;&gt;)", "timeout":-1}],
	"id":"", "line_delay":-1,"response":"&lt;&lt;manacctoldpwd&gt;&gt;&lt;&lt;endofline&gt;&gt;", "stimulus":"@RE([Pp]assword:|[Cc]redential)", "timeout":-1},
				{"char_delay":-1,"expect":[
				{"char_delay":-1,"expect":[],"id":"", "line_delay":-1,"response":"&lt;&lt;exitcommand&gt;&gt;@Failure(Password check failed: Invalid password)", "stimulus":"@RE((([Ss]orry)|([Ii]ncorrect [Pp]assword)|([Aa]uthentication [Ff]ailure)|([Aa]uthentication.*.[Dd]enied)))", "timeout":0},
				{"char_delay":-1,"expect":[],"id":"", "line_delay":-1,"response":"&lt;&lt;exitcommand&gt;&gt;@Success(Password check succeeded)", "stimulus":"@RE(&lt;&lt;manacctname&gt;&gt;)", "timeout":-1},
				{"char_delay":-1,"expect":[
				{"char_delay":-1,"expect":[],"id":"", "line_delay":-1,"response":"&lt;&lt;exitcommand&gt;&gt;@Failure(Password check failed: Invalid password)", "stimulus":"@RE((([Ss]orry)|([Ii]ncorrect [Pp]assword)|([Aa]uthentication [Ff]ailure)|([Aa]uthentication.*.[Dd]enied)))", "timeout":0},
				{"char_delay":-1,"expect":[
				{"char_delay":-1,"expect":[],"id":"", "line_delay":-1,"response":"&lt;&lt;exitcommand&gt;&gt;@Failure(Password check failed: Invalid password)", "stimulus":"@RE((([Ss]orry)|([Ii]ncorrect [Pp]assword)|([Aa]uthentication [Ff]ailure)|([Aa]uthentication.*.[Dd]enied)))", "timeout":0},
				{"char_delay":-1,"expect":[],"id":"", "line_delay":-1,"response":"&lt;&lt;exitcommand&gt;&gt;@Success(Password check succeeded)", "stimulus":"@RE(&lt;&lt;PROMPT&gt;&gt;)", "timeout":-1}],
	"id":"", "line_delay":-1,"response":"&lt;&lt;manacctoldpwd&gt;&gt;&lt;&lt;endofline&gt;&gt;", "stimulus":"@RE([Pp]assword:|[Cc]redential)", "timeout":-1},
				{"char_delay":-1,"expect":[
				{"char_delay":-1,"expect":[],"id":"", "line_delay":-1,"response":"&lt;&lt;exitcommand&gt;&gt;@Failure(Password check failed: Invalid password)", "stimulus":"@RE((([Ss]orry)|([Ii]ncorrect [Pp]assword)|([Aa]uthentication [Ff]ailure)|([Aa]uthentication.*.[Dd]enied)))", "timeout":0},
				{"char_delay":-1,"expect":[
				{"char_delay":-1,"expect":[],"id":"", "line_delay":-1,"response":"&lt;&lt;exitcommand&gt;&gt;@Failure(Password check failed: Invalid password)", "stimulus":"@RE((([Ss]orry)|([Ii]ncorrect [Pp]assword)|([Aa]uthentication [Ff]ailure)|([Aa]uthentication.*.[Dd]enied)))", "timeout":0},
				{"char_delay":-1,"expect":[],"id":"", "line_delay":-1,"response":"&lt;&lt;exitcommand&gt;&gt;@Success(Password check succeeded)", "stimulus":"@RE(&lt;&lt;PROMPT&gt;&gt;)", "timeout":-1}],
	"id":"", "line_delay":-1,"response":"&lt;&lt;manacctoldpwd&gt;&gt;&lt;&lt;endofline&gt;&gt;", "stimulus":"@RE([Pp]assword:|[Cc]redential)", "timeout":-1}],
	"id":"", "line_delay":-1,"response":"su &lt;&lt;ManAcctName&gt;&gt;&lt;&lt;endofline&gt;&gt;", "stimulus":"@RE(&lt;&lt;PROMPT&gt;&gt;)", "timeout":-1}],
	"id":"", "line_delay":-1,"response":"su &lt;&lt;ManAcctName&gt;&gt;&lt;&lt;endofline&gt;&gt;", "stimulus":"@RE(&lt;&lt;PROMPT&gt;&gt;)", "timeout":-1}],
	"id":"", "line_delay":-1,"response":"LANG=en_US; \/usr\/ucb\/whoami&lt;&lt;endofline&gt;&gt;", "stimulus":"@RE(&lt;&lt;PROMPT&gt;&gt;)", "timeout":-1}],
	"id":"", "line_delay":-1,"response":"&lt;&lt;elevationcommand&gt;&gt;&lt;&lt;endofline&gt;&gt;", "stimulus":"@RE(&lt;&lt;PROMPT&gt;&gt;)", "timeout":-1}],
	"name":"CheckPassword",
	"type":2},{"expect":[
				{"char_delay":-1,"expect":[
				{"char_delay":-1,"expect":[],"id":"", "line_delay":-1,"response":"&lt;&lt;exitcommand&gt;&gt;@Failure(Remove public key failed: Access denied)", "stimulus":"@RE(([Dd]enied)|([Cc]an&#39;t open)|([Cc]annot open))", "timeout":0},
				{"char_delay":-1,"expect":[],"id":"", "line_delay":-1,"response":"&lt;&lt;exitcommand&gt;&gt;@Failure(Remove public key failed: File or directory does not exist)", "stimulus":"@RE(([Cc]an&#39;t read)|([Nn]o such file or directory))", "timeout":0},
				{"char_delay":-1,"expect":[
				{"char_delay":-1,"expect":[],"id":"", "line_delay":-1,"response":"&lt;&lt;exitcommand&gt;&gt;@Failure(Remove public key failed: Access denied)", "stimulus":"@RE(([Dd]enied)|([Cc]an&#39;t open)|([Cc]annot open))", "timeout":0},
				{"char_delay":-1,"expect":[],"id":"", "line_delay":-1,"response":"&lt;&lt;exitcommand&gt;&gt;@Failure(Remove public key failed: File or directory does not exist)", "stimulus":"@RE(([Cc]an&#39;t read)|([Nn]o such file or directory))", "timeout":0},
				{"char_delay":-1,"expect":[],"id":"", "line_delay":-1,"response":"&lt;&lt;exitcommand&gt;&gt;@Success(Store public key succeeded)", "stimulus":"@RE(&lt;&lt;PROMPT&gt;&gt;)", "timeout":-1}],
	"id":"", "line_delay":-1,"response":"echo &lt;&lt;newpubkey&gt;&gt;|&lt;&lt;elevationcommand&gt;&gt; tee -a ~&lt;&lt;manacctname&gt;&gt;\/.ssh\/authorized_keys&lt;&lt;endofline&gt;&gt;", "stimulus":"@RE(&lt;&lt;PROMPT&gt;&gt;)", "timeout":-1}],
	"id":"", "line_delay":-1,"response":"&lt;&lt;elevationcommand&gt;&gt; cp ~&lt;&lt;manacctname&gt;&gt;\/.ssh\/authorized_keys ~&lt;&lt;manacctname&gt;&gt;\/.ssh\/tmp_keys; &lt;&lt;elevationcommand&gt;&gt; sed &#39;\\|&lt;&lt;oldpubkey&gt;&gt;|d&#39; ~&lt;&lt;manacctname&gt;&gt;\/.ssh\/tmp_keys | &lt;&lt;elevationcommand&gt;&gt; tee ~&lt;&lt;manacctname&gt;&gt;\/.ssh\/authorized_keys&lt;&lt;endofline&gt;&gt;", "stimulus":"@RE(&lt;&lt;PROMPT&gt;&gt;)", "timeout":-1}],
	"name":"ReplacePublicKey",
	"type":4}]}</Template>
</CustomPlatform>
