<?xml version="1.0" encoding="utf-8"?>
<CustomPlatform>
	<Active>true</Active>
	<CreateDate>2016\09\26 8:0:0.0</CreateDate>
	<CreatedByUserID>0</CreatedByUserID>
	<LastUpdateDate>2016\09\26 8:0:0.0</LastUpdateDate>
	<LastUpdateUserID>0</LastUpdateUserID>
	<Name>SonicOS</Name>
	<ShellPrompt>&gt;</ShellPrompt>
	<ConfigPrompt></ConfigPrompt>
	<ElevatedPrompt></ElevatedPrompt>
	<EndOfLine>\r</EndOfLine>
	<ExitCommand>exit</ExitCommand>
    <Interrupt></Interrupt>
    <PasswordCommand></PasswordCommand>
    <Elevation>false</Elevation>
    <ElevationCommand></ElevationCommand>
    <PlatformId>76</PlatformId>
    <Ssh>true</Ssh>
    <Port>22</Port>
    <LogonAccount>false</LogonAccount>
    <AccountNameFormatTypeFlag>false</AccountNameFormatTypeFlag>
    <SupportsJumphost>false</SupportsJumphost>
	<ExpectScriptItems>
		<ExpectScript type="Check Password">
			<ExpectScriptItem>
				<Action>0</Action>
				<ExpectType>0</ExpectType>
				<Goto>0</Goto>
				<Id>1</Id>
				<IsErrorHandler>false</IsErrorHandler>
				<IsGotoDestination>false</IsGotoDestination>
				<IsParent>true</IsParent>
				<ParentName>After login</ParentName>
				<Response></Response>
				<Stimulus></Stimulus>
				<UseErrorHandling>false</UseErrorHandling>
			</ExpectScriptItem>
			<ExpectScriptItem>
				<Action>0</Action>
				<ExpectType>0</ExpectType>
				<Goto>0</Goto>
				<Id>1</Id>
				<IsErrorHandler>false</IsErrorHandler>
				<IsGotoDestination>false</IsGotoDestination>
				<IsParent>false</IsParent>
				<ParentName>After login</ParentName>
				<Response>&lt;&lt;manacctoldpwd&gt;&gt;</Response>
				<Stimulus>Password:$</Stimulus>
				<UseErrorHandling>true</UseErrorHandling>
			</ExpectScriptItem>
			<ExpectScriptItem>
				<Action>2</Action>
				<ExpectType>0</ExpectType>
				<Goto>0</Goto>
				<Id>1</Id>
				<IsErrorHandler>false</IsErrorHandler>
				<IsGotoDestination>false</IsGotoDestination>
				<IsParent>false</IsParent>
				<ParentName>After login</ParentName>
				<Response>&lt;&lt;exitcommand&gt;&gt;@Success(Password change succeeded)</Response>
				<Stimulus>&lt;&lt;manacctname&gt;&gt;.+&gt;</Stimulus>
				<UseErrorHandling>false</UseErrorHandling>
			</ExpectScriptItem>
			<ExpectScriptItem>
				<Action>3</Action>
				<ExpectType>0</ExpectType>
				<Goto>0</Goto>
				<Id>2</Id>
				<IsErrorHandler>true</IsErrorHandler>
				<IsGotoDestination>false</IsGotoDestination>
				<IsParent>true</IsParent>
				<ParentName>Error handling</ParentName>
				<Response></Response>
				<Stimulus></Stimulus>
				<UseErrorHandling>false</UseErrorHandling>
			</ExpectScriptItem>
			<ExpectScriptItem>
				<Action>3</Action>
				<ExpectType>0</ExpectType>
				<Goto>0</Goto>
				<Id>2</Id>
				<IsErrorHandler>true</IsErrorHandler>
				<IsGotoDestination>false</IsGotoDestination>
				<IsParent>false</IsParent>
				<ParentName>Error handling</ParentName>
				<Response>&lt;&lt;exitcommand&gt;&gt;@Failure(Error)</Response>
				<Stimulus>% (?i)(Error|Cancelled)</Stimulus>
				<UseErrorHandling>false</UseErrorHandling>
			</ExpectScriptItem>
			<ExpectScriptItem>
				<Action>3</Action>
				<ExpectType>0</ExpectType>
				<Goto>0</Goto>
				<Id>2</Id>
				<IsErrorHandler>true</IsErrorHandler>
				<IsGotoDestination>false</IsGotoDestination>
				<IsParent>false</IsParent>
				<ParentName>Error handling</ParentName>
				<Response>&lt;&lt;exitcommand&gt;&gt;@Failure(Access denied)</Response>
				<Stimulus>(?i)Access denied</Stimulus>
				<UseErrorHandling>false</UseErrorHandling>
			</ExpectScriptItem>
			<ExpectScriptItem>
				<Action>3</Action>
				<ExpectType>0</ExpectType>
				<Goto>0</Goto>
				<Id>2</Id>
				<IsErrorHandler>true</IsErrorHandler>
				<IsGotoDestination>false</IsGotoDestination>
				<IsParent>false</IsParent>
				<ParentName>Error handling</ParentName>
				<Response>&lt;&lt;exitcommand&gt;&gt;@Failure(Password is too short)</Response>
				<Stimulus>(?i)Your password is too short and must be changed</Stimulus>
				<UseErrorHandling>false</UseErrorHandling>
			</ExpectScriptItem>
		</ExpectScript>
		<ExpectScript type="Change Password">
			<ExpectScriptItem>
				<Action>0</Action>
				<ExpectType>0</ExpectType>
				<Goto>0</Goto>
				<Id>1</Id>
				<IsErrorHandler>false</IsErrorHandler>
				<IsGotoDestination>false</IsGotoDestination>
				<IsParent>true</IsParent>
				<ParentName>After login</ParentName>
				<Response></Response>
				<Stimulus></Stimulus>
				<UseErrorHandling>false</UseErrorHandling>
			</ExpectScriptItem>
			<ExpectScriptItem>
				<Action>0</Action>
				<ExpectType>0</ExpectType>
				<Goto>0</Goto>
				<Id>1</Id>
				<IsErrorHandler>false</IsErrorHandler>
				<IsGotoDestination>false</IsGotoDestination>
				<IsParent>false</IsParent>
				<ParentName>After login</ParentName>
				<Response>&lt;&lt;funcacctpwd&gt;&gt;</Response>
				<Stimulus>Password:$</Stimulus>
				<UseErrorHandling>true</UseErrorHandling>
			</ExpectScriptItem>
			<ExpectScriptItem>
				<Action>0</Action>
				<ExpectType>0</ExpectType>
				<Goto>0</Goto>
				<Id>1</Id>
				<IsErrorHandler>false</IsErrorHandler>
				<IsGotoDestination>false</IsGotoDestination>
				<IsParent>false</IsParent>
				<ParentName>After login</ParentName>
				<Response>configure</Response>
				<Stimulus>&lt;&lt;funcacctname&gt;&gt;.+&gt;</Stimulus>
				<UseErrorHandling>true</UseErrorHandling>
			</ExpectScriptItem>
			<ExpectScriptItem>
				<Action>1</Action>
				<ExpectType>0</ExpectType>
				<Goto>3</Goto>
				<Id>1</Id>
				<IsErrorHandler>false</IsErrorHandler>
				<IsGotoDestination>false</IsGotoDestination>
				<IsParent>false</IsParent>
				<ParentName>After login</ParentName>
				<Response>no</Response>
				<Stimulus>(?i)Do you wish to preempt them \(yes/no\)\?</Stimulus>
				<UseErrorHandling>true</UseErrorHandling>
			</ExpectScriptItem>
			<ExpectScriptItem>
				<Action>1</Action>
				<ExpectType>0</ExpectType>
				<Goto>4</Goto>
				<Id>1</Id>
				<IsErrorHandler>false</IsErrorHandler>
				<IsGotoDestination>false</IsGotoDestination>
				<IsParent>false</IsParent>
				<ParentName>After login</ParentName>
				<Response>no cli pager session</Response>
				<Stimulus>config\(.+\)# $</Stimulus>
				<UseErrorHandling>true</UseErrorHandling>
			</ExpectScriptItem>
			<ExpectScriptItem>
				<Action>0</Action>
				<ExpectType>0</ExpectType>
				<Goto>0</Goto>
				<Id>3</Id>
				<IsErrorHandler>false</IsErrorHandler>
				<IsGotoDestination>true</IsGotoDestination>
				<IsParent>true</IsParent>
				<ParentName>Statement Group: 1</ParentName>
				<Response></Response>
				<Stimulus></Stimulus>
				<UseErrorHandling>false</UseErrorHandling>
			</ExpectScriptItem>
			<ExpectScriptItem>
				<Action>0</Action>
				<ExpectType>0</ExpectType>
				<Goto>0</Goto>
				<Id>3</Id>
				<IsErrorHandler>false</IsErrorHandler>
				<IsGotoDestination>true</IsGotoDestination>
				<IsParent>false</IsParent>
				<ParentName>Statement Group: 1</ParentName>
				<Response>no</Response>
				<Stimulus></Stimulus>
				<UseErrorHandling>true</UseErrorHandling>
			</ExpectScriptItem>
			<ExpectScriptItem>
				<Action>0</Action>
				<ExpectType>0</ExpectType>
				<Goto>0</Goto>
				<Id>4</Id>
				<IsErrorHandler>false</IsErrorHandler>
				<IsGotoDestination>true</IsGotoDestination>
				<IsParent>true</IsParent>
				<ParentName>Statement Group: 2</ParentName>
				<Response></Response>
				<Stimulus></Stimulus>
				<UseErrorHandling>false</UseErrorHandling>
			</ExpectScriptItem>
			<ExpectScriptItem>
				<Action>0</Action>
				<ExpectType>0</ExpectType>
				<Goto>0</Goto>
				<Id>4</Id>
				<IsErrorHandler>false</IsErrorHandler>
				<IsGotoDestination>true</IsGotoDestination>
				<IsParent>false</IsParent>
				<ParentName>Statement Group: 2</ParentName>
				<Response>no cli pager session</Response>
				<Stimulus></Stimulus>
				<UseErrorHandling>true</UseErrorHandling>
			</ExpectScriptItem>
			<ExpectScriptItem>
				<Action>0</Action>
				<ExpectType>0</ExpectType>
				<Goto>0</Goto>
				<Id>4</Id>
				<IsErrorHandler>false</IsErrorHandler>
				<IsGotoDestination>false</IsGotoDestination>
				<IsParent>false</IsParent>
				<ParentName>Statement Group: 2</ParentName>
				<Response>show administration</Response>
				<Stimulus>config\(.+\)# $</Stimulus>
				<UseErrorHandling>true</UseErrorHandling>
			</ExpectScriptItem>
			<ExpectScriptItem>
				<Action>1</Action>
				<ExpectType>0</ExpectType>
				<Goto>5</Goto>
				<Id>3</Id>
				<IsErrorHandler>false</IsErrorHandler>
				<IsGotoDestination>false</IsGotoDestination>
				<IsParent>false</IsParent>
				<ParentName>Statement Group: 2</ParentName>
				<Response>administration</Response>
				<Stimulus>admin-name &lt;&lt;manacctname&gt;&gt;</Stimulus>
				<UseErrorHandling>true</UseErrorHandling>
			</ExpectScriptItem>
			<ExpectScriptItem>
				<Action>1</Action>
				<ExpectType>0</ExpectType>
				<Goto>6</Goto>
				<Id>3</Id>
				<IsErrorHandler>false</IsErrorHandler>
				<IsGotoDestination>false</IsGotoDestination>
				<IsParent>false</IsParent>
				<ParentName>Statement Group: 2</ParentName>
				<Response>user local-users</Response>
				<Stimulus>config\(.+\)# $</Stimulus>
				<UseErrorHandling>true</UseErrorHandling>
			</ExpectScriptItem>
			<ExpectScriptItem>
				<Action>0</Action>
				<ExpectType>0</ExpectType>
				<Goto>0</Goto>
				<Id>5</Id>
				<IsErrorHandler>false</IsErrorHandler>
				<IsGotoDestination>true</IsGotoDestination>
				<IsParent>true</IsParent>
				<ParentName>Statement Group: 3</ParentName>
				<Response></Response>
				<Stimulus></Stimulus>
				<UseErrorHandling>false</UseErrorHandling>
			</ExpectScriptItem>
			<ExpectScriptItem>
				<Action>0</Action>
				<ExpectType>0</ExpectType>
				<Goto>0</Goto>
				<Id>5</Id>
				<IsErrorHandler>false</IsErrorHandler>
				<IsGotoDestination>true</IsGotoDestination>
				<IsParent>false</IsParent>
				<ParentName>Statement Group: 3</ParentName>
				<Response>administration</Response>
				<Stimulus></Stimulus>
				<UseErrorHandling>true</UseErrorHandling>
			</ExpectScriptItem>
			<ExpectScriptItem>
				<Action>0</Action>
				<ExpectType>0</ExpectType>
				<Goto>0</Goto>
				<Id>5</Id>
				<IsErrorHandler>false</IsErrorHandler>
				<IsGotoDestination>false</IsGotoDestination>
				<IsParent>false</IsParent>
				<ParentName>Statement Group: 3</ParentName>
				<Response>admin-password old-password &lt;&lt;manacctoldpwd&gt;&gt; new-password &lt;&lt;manacctnewpwd&gt;&gt; confirm-password &lt;&lt;manacctnewpwd&gt;&gt;</Response>
				<Stimulus>\(config-administration\)#</Stimulus>
				<UseErrorHandling>true</UseErrorHandling>
			</ExpectScriptItem>
			<ExpectScriptItem>
				<Action>2</Action>
				<ExpectType>0</ExpectType>
				<Goto>0</Goto>
				<Id>5</Id>
				<IsErrorHandler>false</IsErrorHandler>
				<IsGotoDestination>false</IsGotoDestination>
				<IsParent>false</IsParent>
				<ParentName>Statement Group: 3</ParentName>
				<Response>&lt;&lt;exitcommand&gt;&gt;@Success(Password change succeeded)</Response>
				<Stimulus>% Changes made</Stimulus>
				<UseErrorHandling>false</UseErrorHandling>
			</ExpectScriptItem>
			<ExpectScriptItem>
				<Action>0</Action>
				<ExpectType>0</ExpectType>
				<Goto>0</Goto>
				<Id>6</Id>
				<IsErrorHandler>false</IsErrorHandler>
				<IsGotoDestination>true</IsGotoDestination>
				<IsParent>true</IsParent>
				<ParentName>Statement Group: 4</ParentName>
				<Response></Response>
				<Stimulus></Stimulus>
				<UseErrorHandling>false</UseErrorHandling>
			</ExpectScriptItem>
			<ExpectScriptItem>
				<Action>0</Action>
				<ExpectType>0</ExpectType>
				<Goto>0</Goto>
				<Id>6</Id>
				<IsErrorHandler>false</IsErrorHandler>
				<IsGotoDestination>true</IsGotoDestination>
				<IsParent>false</IsParent>
				<ParentName>Statement Group: 4</ParentName>
				<Response>user local-users</Response>
				<Stimulus></Stimulus>
				<UseErrorHandling>true</UseErrorHandling>
			</ExpectScriptItem>
			<ExpectScriptItem>
				<Action>0</Action>
				<ExpectType>0</ExpectType>
				<Goto>0</Goto>
				<Id>6</Id>
				<IsErrorHandler>false</IsErrorHandler>
				<IsGotoDestination>false</IsGotoDestination>
				<IsParent>false</IsParent>
				<ParentName>Statement Group: 4</ParentName>
				<Response>user &lt;&lt;manacctname&gt;&gt;</Response>
				<Stimulus>\(config-user-local\)# $</Stimulus>
				<UseErrorHandling>true</UseErrorHandling>
			</ExpectScriptItem>
			<ExpectScriptItem>
				<Action>0</Action>
				<ExpectType>0</ExpectType>
				<Goto>0</Goto>
				<Id>6</Id>
				<IsErrorHandler>false</IsErrorHandler>
				<IsGotoDestination>false</IsGotoDestination>
				<IsParent>false</IsParent>
				<ParentName>Statement Group: 4</ParentName>
				<Response>password &lt;&lt;manacctnewpwd&gt;&gt;</Response>
				<Stimulus>\(edit-local-user\[&lt;&lt;manacctname&gt;&gt;\]\)# $</Stimulus>
				<UseErrorHandling>true</UseErrorHandling>
			</ExpectScriptItem>
			<ExpectScriptItem>
				<Action>0</Action>
				<ExpectType>0</ExpectType>
				<Goto>0</Goto>
				<Id>6</Id>
				<IsErrorHandler>false</IsErrorHandler>
				<IsGotoDestination>false</IsGotoDestination>
				<IsParent>false</IsParent>
				<ParentName>Statement Group: 4</ParentName>
				<Response>commit</Response>
				<Stimulus>\(edit-local-user\[&lt;&lt;manacctname&gt;&gt;\]\)# $</Stimulus>
				<UseErrorHandling>true</UseErrorHandling>
			</ExpectScriptItem>
			<ExpectScriptItem>
				<Action>2</Action>
				<ExpectType>0</ExpectType>
				<Goto>0</Goto>
				<Id>6</Id>
				<IsErrorHandler>false</IsErrorHandler>
				<IsGotoDestination>false</IsGotoDestination>
				<IsParent>false</IsParent>
				<ParentName>Statement Group: 4</ParentName>
				<Response>&lt;&lt;exitcommand&gt;&gt;@Success(Password change succeeded)</Response>
				<Stimulus>% (?i)Changes made</Stimulus>
				<UseErrorHandling>false</UseErrorHandling>
			</ExpectScriptItem>
			<ExpectScriptItem>
				<Action>3</Action>
				<ExpectType>0</ExpectType>
				<Goto>0</Goto>
				<Id>2</Id>
				<IsErrorHandler>true</IsErrorHandler>
				<IsGotoDestination>false</IsGotoDestination>
				<IsParent>true</IsParent>
				<ParentName>Error handling</ParentName>
				<Response></Response>
				<Stimulus></Stimulus>
				<UseErrorHandling>false</UseErrorHandling>
			</ExpectScriptItem>
			<ExpectScriptItem>
				<Action>3</Action>
				<ExpectType>0</ExpectType>
				<Goto>0</Goto>
				<Id>2</Id>
				<IsErrorHandler>true</IsErrorHandler>
				<IsGotoDestination>false</IsGotoDestination>
				<IsParent>false</IsParent>
				<ParentName>Error handling</ParentName>
				<Response>&lt;&lt;exitcommand&gt;&gt;@Failure(Error)</Response>
				<Stimulus>% (?i)(Error|Cancelled)</Stimulus>
				<UseErrorHandling>false</UseErrorHandling>
			</ExpectScriptItem>
			<ExpectScriptItem>
				<Action>3</Action>
				<ExpectType>0</ExpectType>
				<Goto>0</Goto>
				<Id>2</Id>
				<IsErrorHandler>true</IsErrorHandler>
				<IsGotoDestination>false</IsGotoDestination>
				<IsParent>false</IsParent>
				<ParentName>Error handling</ParentName>
				<Response>&lt;&lt;exitcommand&gt;&gt;@Failure(Access denied)</Response>
				<Stimulus>(?i)Access denied</Stimulus>
				<UseErrorHandling>false</UseErrorHandling>
			</ExpectScriptItem>
			<ExpectScriptItem>
				<Action>3</Action>
				<ExpectType>0</ExpectType>
				<Goto>0</Goto>
				<Id>2</Id>
				<IsErrorHandler>true</IsErrorHandler>
				<IsGotoDestination>false</IsGotoDestination>
				<IsParent>false</IsParent>
				<ParentName>Error handling</ParentName>
				<Response>&lt;&lt;exitcommand&gt;&gt;@Failure(Password is too short)</Response>
				<Stimulus>(?i)Your password is too short and must be changed</Stimulus>
				<UseErrorHandling>false</UseErrorHandling>
			</ExpectScriptItem>
			<ExpectScriptItem>
				<Action>3</Action>
				<ExpectType>0</ExpectType>
				<Goto>0</Goto>
				<Id>2</Id>
				<IsErrorHandler>true</IsErrorHandler>
				<IsGotoDestination>false</IsGotoDestination>
				<IsParent>false</IsParent>
				<ParentName>Error handling</ParentName>
				<Response>&lt;&lt;exitcommand&gt;&gt;@Failure(Session timed out)</Response>
				<Stimulus>% (?i)Session timed out</Stimulus>
				<UseErrorHandling>false</UseErrorHandling>
			</ExpectScriptItem>
			<ExpectScriptItem>
				<Action>3</Action>
				<ExpectType>0</ExpectType>
				<Goto>0</Goto>
				<Id>2</Id>
				<IsErrorHandler>true</IsErrorHandler>
				<IsGotoDestination>false</IsGotoDestination>
				<IsParent>false</IsParent>
				<ParentName>Error handling</ParentName>
				<Response>&lt;&lt;exitcommand&gt;&gt;@Failure(Local user does not exist)</Response>
				<Stimulus>add-local-user\[&lt;&lt;manacctname&gt;&gt;\]</Stimulus>
				<UseErrorHandling>false</UseErrorHandling>
			</ExpectScriptItem>
		</ExpectScript>
		<ExpectScript type="Replace Public Key">
			<ExpectScriptItem>
				<Action>0</Action>
				<ExpectType>0</ExpectType>
				<Goto>0</Goto>
				<Id>1</Id>
				<IsErrorHandler>false</IsErrorHandler>
				<IsGotoDestination>false</IsGotoDestination>
				<IsParent>true</IsParent>
				<ParentName>After login</ParentName>
				<Response></Response>
				<Stimulus></Stimulus>
				<UseErrorHandling>false</UseErrorHandling>
			</ExpectScriptItem>
			<ExpectScriptItem>
				<Action>0</Action>
				<ExpectType>0</ExpectType>
				<Goto>0</Goto>
				<Id>1</Id>
				<IsErrorHandler>false</IsErrorHandler>
				<IsGotoDestination>false</IsGotoDestination>
				<IsParent>false</IsParent>
				<ParentName>After login</ParentName>
				<Response></Response>
				<Stimulus></Stimulus>
				<UseErrorHandling>true</UseErrorHandling>
			</ExpectScriptItem>
			<ExpectScriptItem>
				<Action>3</Action>
				<ExpectType>0</ExpectType>
				<Goto>0</Goto>
				<Id>2</Id>
				<IsErrorHandler>true</IsErrorHandler>
				<IsGotoDestination>false</IsGotoDestination>
				<IsParent>true</IsParent>
				<ParentName>Error handling</ParentName>
				<Response></Response>
				<Stimulus></Stimulus>
				<UseErrorHandling>false</UseErrorHandling>
			</ExpectScriptItem>
			<ExpectScriptItem>
				<Action>3</Action>
				<ExpectType>0</ExpectType>
				<Goto>0</Goto>
				<Id>2</Id>
				<IsErrorHandler>true</IsErrorHandler>
				<IsGotoDestination>false</IsGotoDestination>
				<IsParent>false</IsParent>
				<ParentName>Error handling</ParentName>
				<Response></Response>
				<Stimulus></Stimulus>
				<UseErrorHandling>false</UseErrorHandling>
			</ExpectScriptItem>
		</ExpectScript>
	</ExpectScriptItems>
	<Template>{
	"description":"",
	"name":"SonicOS",
	"properties":{},
	"tags":{"funcacctname":"",
	"funcacctpwd":"",
	"funcacctkey":"",
	"funcacctkeypass":"",
	"address":"",
	"port":"22",
	"assetname":"",
	"manacctname":"",
	"manacctoldpwd":"",
	"manacctoldkey":"",
	"manacctoldkeypass":"",
	"manacctnewpwd":"",
	"endofline":"\u000d",
	"exitcommand":"exit",
	"interrupt":"",
	"passwordcommand":"", "timeout":"20000",
	"prompt":"&gt;",
	"configureprompt":"",
	"elevatedprompt":"",
	"elevation":"",
	"enablepassword":"",
	"loginusername":"",
	"loginuserpwd":"",
	"loginuserkey":"",
	"loginuserkeypass":"",
	"custommetadata":"[{\"Action\":0,\"ExpectType\":0,\"Goto\":0,\"Id\":1,\"IsErrorHandler\":false,\"IsGotoDestination\":false,\"IsParent\":true,\"ParentName\":\"After login\",\"Response\":null,\"Stimulus\":null,\"UseErrorHandling\":false},{\"Action\":0,\"ExpectType\":0,\"Goto\":0,\"Id\":1,\"IsErrorHandler\":false,\"IsGotoDestination\":false,\"IsParent\":false,\"ParentName\":\"After login\",\"Response\":\"&lt;&lt;funcacctpwd&gt;&gt;\",\"Stimulus\":\"Password:$\",\"UseErrorHandling\":true},{\"Action\":0,\"ExpectType\":0,\"Goto\":0,\"Id\":1,\"IsErrorHandler\":false,\"IsGotoDestination\":false,\"IsParent\":false,\"ParentName\":\"After login\",\"Response\":\"configure\",\"Stimulus\":\"&lt;&lt;funcacctname&gt;&gt;.+&gt;\",\"UseErrorHandling\":true},{\"Action\":1,\"ExpectType\":0,\"Goto\":3,\"Id\":1,\"IsErrorHandler\":false,\"IsGotoDestination\":false,\"IsParent\":false,\"ParentName\":\"After login\",\"Response\":\"no\",\"Stimulus\":\"(?i)Do you wish to preempt them \\\\(yes\\\/no\\\\)\\\\?\",\"UseErrorHandling\":true},{\"Action\":1,\"ExpectType\":0,\"Goto\":4,\"Id\":1,\"IsErrorHandler\":false,\"IsGotoDestination\":false,\"IsParent\":false,\"ParentName\":\"After login\",\"Response\":\"no cli pager session\",\"Stimulus\":\"config\\\\(.+\\\\)# $\",\"UseErrorHandling\":true},{\"Action\":0,\"ExpectType\":0,\"Goto\":0,\"Id\":3,\"IsErrorHandler\":false,\"IsGotoDestination\":true,\"IsParent\":true,\"ParentName\":\"Statement Group: 1\",\"Response\":null,\"Stimulus\":null,\"UseErrorHandling\":false},{\"Action\":0,\"ExpectType\":0,\"Goto\":0,\"Id\":3,\"IsErrorHandler\":false,\"IsGotoDestination\":true,\"IsParent\":false,\"ParentName\":\"Statement Group: 1\",\"Response\":\"no\",\"Stimulus\":\"\",\"UseErrorHandling\":true},{\"Action\":0,\"ExpectType\":0,\"Goto\":0,\"Id\":4,\"IsErrorHandler\":false,\"IsGotoDestination\":true,\"IsParent\":true,\"ParentName\":\"Statement Group: 2\",\"Response\":null,\"Stimulus\":null,\"UseErrorHandling\":false},{\"Action\":0,\"ExpectType\":0,\"Goto\":0,\"Id\":4,\"IsErrorHandler\":false,\"IsGotoDestination\":true,\"IsParent\":false,\"ParentName\":\"Statement Group: 2\",\"Response\":\"no cli pager session\",\"Stimulus\":\"\",\"UseErrorHandling\":true},{\"Action\":0,\"ExpectType\":0,\"Goto\":0,\"Id\":4,\"IsErrorHandler\":false,\"IsGotoDestination\":false,\"IsParent\":false,\"ParentName\":\"Statement Group: 2\",\"Response\":\"show administration\",\"Stimulus\":\"config\\\\(.+\\\\)# $\",\"UseErrorHandling\":true},{\"Action\":1,\"ExpectType\":0,\"Goto\":5,\"Id\":3,\"IsErrorHandler\":false,\"IsGotoDestination\":false,\"IsParent\":false,\"ParentName\":\"Statement Group: 2\",\"Response\":\"administration\",\"Stimulus\":\"admin-name &lt;&lt;manacctname&gt;&gt;\",\"UseErrorHandling\":true},{\"Action\":1,\"ExpectType\":0,\"Goto\":6,\"Id\":3,\"IsErrorHandler\":false,\"IsGotoDestination\":false,\"IsParent\":false,\"ParentName\":\"Statement Group: 2\",\"Response\":\"user local-users\",\"Stimulus\":\"config\\\\(.+\\\\)# $\",\"UseErrorHandling\":true},{\"Action\":0,\"ExpectType\":0,\"Goto\":0,\"Id\":5,\"IsErrorHandler\":false,\"IsGotoDestination\":true,\"IsParent\":true,\"ParentName\":\"Statement Group: 3\",\"Response\":null,\"Stimulus\":null,\"UseErrorHandling\":false},{\"Action\":0,\"ExpectType\":0,\"Goto\":0,\"Id\":5,\"IsErrorHandler\":false,\"IsGotoDestination\":true,\"IsParent\":false,\"ParentName\":\"Statement Group: 3\",\"Response\":\"administration\",\"Stimulus\":\"\",\"UseErrorHandling\":true},{\"Action\":0,\"ExpectType\":0,\"Goto\":0,\"Id\":5,\"IsErrorHandler\":false,\"IsGotoDestination\":false,\"IsParent\":false,\"ParentName\":\"Statement Group: 3\",\"Response\":\"admin-password old-password &lt;&lt;manacctoldpwd&gt;&gt; new-password &lt;&lt;manacctnewpwd&gt;&gt; confirm-password &lt;&lt;manacctnewpwd&gt;&gt;\",\"Stimulus\":\"\\\\(config-administration\\\\)#\",\"UseErrorHandling\":true},{\"Action\":2,\"ExpectType\":0,\"Goto\":0,\"Id\":5,\"IsErrorHandler\":false,\"IsGotoDestination\":false,\"IsParent\":false,\"ParentName\":\"Statement Group: 3\",\"Response\":\"&lt;&lt;exitcommand&gt;&gt;@Success(Password change succeeded)\",\"Stimulus\":\"% Changes made\",\"UseErrorHandling\":false},{\"Action\":0,\"ExpectType\":0,\"Goto\":0,\"Id\":6,\"IsErrorHandler\":false,\"IsGotoDestination\":true,\"IsParent\":true,\"ParentName\":\"Statement Group: 4\",\"Response\":null,\"Stimulus\":null,\"UseErrorHandling\":false},{\"Action\":0,\"ExpectType\":0,\"Goto\":0,\"Id\":6,\"IsErrorHandler\":false,\"IsGotoDestination\":true,\"IsParent\":false,\"ParentName\":\"Statement Group: 4\",\"Response\":\"user local-users\",\"Stimulus\":\"\",\"UseErrorHandling\":true},{\"Action\":0,\"ExpectType\":0,\"Goto\":0,\"Id\":6,\"IsErrorHandler\":false,\"IsGotoDestination\":false,\"IsParent\":false,\"ParentName\":\"Statement Group: 4\",\"Response\":\"user &lt;&lt;manacctname&gt;&gt;\",\"Stimulus\":\"\\\\(config-user-local\\\\)# $\",\"UseErrorHandling\":true},{\"Action\":0,\"ExpectType\":0,\"Goto\":0,\"Id\":6,\"IsErrorHandler\":false,\"IsGotoDestination\":false,\"IsParent\":false,\"ParentName\":\"Statement Group: 4\",\"Response\":\"password &lt;&lt;manacctnewpwd&gt;&gt;\",\"Stimulus\":\"\\\\(edit-local-user\\\\[&lt;&lt;manacctname&gt;&gt;\\\\]\\\\)# $\",\"UseErrorHandling\":true},{\"Action\":0,\"ExpectType\":0,\"Goto\":0,\"Id\":6,\"IsErrorHandler\":false,\"IsGotoDestination\":false,\"IsParent\":false,\"ParentName\":\"Statement Group: 4\",\"Response\":\"commit\",\"Stimulus\":\"\\\\(edit-local-user\\\\[&lt;&lt;manacctname&gt;&gt;\\\\]\\\\)# $\",\"UseErrorHandling\":true},{\"Action\":2,\"ExpectType\":0,\"Goto\":0,\"Id\":6,\"IsErrorHandler\":false,\"IsGotoDestination\":false,\"IsParent\":false,\"ParentName\":\"Statement Group: 4\",\"Response\":\"&lt;&lt;exitcommand&gt;&gt;@Success(Password change succeeded)\",\"Stimulus\":\"% (?i)Changes made\",\"UseErrorHandling\":false},{\"Action\":3,\"ExpectType\":0,\"Goto\":0,\"Id\":2,\"IsErrorHandler\":true,\"IsGotoDestination\":false,\"IsParent\":true,\"ParentName\":\"Error handling\",\"Response\":null,\"Stimulus\":null,\"UseErrorHandling\":false},{\"Action\":3,\"ExpectType\":0,\"Goto\":0,\"Id\":2,\"IsErrorHandler\":true,\"IsGotoDestination\":false,\"IsParent\":false,\"ParentName\":\"Error handling\",\"Response\":\"&lt;&lt;exitcommand&gt;&gt;@Failure(Error)\",\"Stimulus\":\"% (?i)(Error|Cancelled)\",\"UseErrorHandling\":false},{\"Action\":3,\"ExpectType\":0,\"Goto\":0,\"Id\":2,\"IsErrorHandler\":true,\"IsGotoDestination\":false,\"IsParent\":false,\"ParentName\":\"Error handling\",\"Response\":\"&lt;&lt;exitcommand&gt;&gt;@Failure(Access denied)\",\"Stimulus\":\"(?i)Access denied\",\"UseErrorHandling\":false},{\"Action\":3,\"ExpectType\":0,\"Goto\":0,\"Id\":2,\"IsErrorHandler\":true,\"IsGotoDestination\":false,\"IsParent\":false,\"ParentName\":\"Error handling\",\"Response\":\"&lt;&lt;exitcommand&gt;&gt;@Failure(Password is too short)\",\"Stimulus\":\"(?i)Your password is too short and must be changed\",\"UseErrorHandling\":false},{\"Action\":3,\"ExpectType\":0,\"Goto\":0,\"Id\":2,\"IsErrorHandler\":true,\"IsGotoDestination\":false,\"IsParent\":false,\"ParentName\":\"Error handling\",\"Response\":\"&lt;&lt;exitcommand&gt;&gt;@Failure(Session timed out)\",\"Stimulus\":\"% (?i)Session timed out\",\"UseErrorHandling\":false},{\"Action\":3,\"ExpectType\":0,\"Goto\":0,\"Id\":2,\"IsErrorHandler\":true,\"IsGotoDestination\":false,\"IsParent\":false,\"ParentName\":\"Error handling\",\"Response\":\"&lt;&lt;exitcommand&gt;&gt;@Failure(Local user does not exist)\",\"Stimulus\":\"add-local-user\\\\[&lt;&lt;manacctname&gt;&gt;\\\\]\",\"UseErrorHandling\":false}]",
	"custommetadatacheckpassword":"[{\"Action\":0,\"ExpectType\":0,\"Goto\":0,\"Id\":1,\"IsErrorHandler\":false,\"IsGotoDestination\":false,\"IsParent\":true,\"ParentName\":\"After login\",\"Response\":null,\"Stimulus\":null,\"UseErrorHandling\":false},{\"Action\":0,\"ExpectType\":0,\"Goto\":0,\"Id\":1,\"IsErrorHandler\":false,\"IsGotoDestination\":false,\"IsParent\":false,\"ParentName\":\"After login\",\"Response\":\"&lt;&lt;manacctoldpwd&gt;&gt;\",\"Stimulus\":\"Password:$\",\"UseErrorHandling\":true},{\"Action\":2,\"ExpectType\":0,\"Goto\":0,\"Id\":1,\"IsErrorHandler\":false,\"IsGotoDestination\":false,\"IsParent\":false,\"ParentName\":\"After login\",\"Response\":\"&lt;&lt;exitcommand&gt;&gt;@Success(Password change succeeded)\",\"Stimulus\":\"&lt;&lt;manacctname&gt;&gt;.+&gt;\",\"UseErrorHandling\":false},{\"Action\":3,\"ExpectType\":0,\"Goto\":0,\"Id\":2,\"IsErrorHandler\":true,\"IsGotoDestination\":false,\"IsParent\":true,\"ParentName\":\"Error handling\",\"Response\":null,\"Stimulus\":null,\"UseErrorHandling\":false},{\"Action\":3,\"ExpectType\":0,\"Goto\":0,\"Id\":2,\"IsErrorHandler\":true,\"IsGotoDestination\":false,\"IsParent\":false,\"ParentName\":\"Error handling\",\"Response\":\"&lt;&lt;exitcommand&gt;&gt;@Failure(Error)\",\"Stimulus\":\"% (?i)(Error|Cancelled)\",\"UseErrorHandling\":false},{\"Action\":3,\"ExpectType\":0,\"Goto\":0,\"Id\":2,\"IsErrorHandler\":true,\"IsGotoDestination\":false,\"IsParent\":false,\"ParentName\":\"Error handling\",\"Response\":\"&lt;&lt;exitcommand&gt;&gt;@Failure(Access denied)\",\"Stimulus\":\"(?i)Access denied\",\"UseErrorHandling\":false},{\"Action\":3,\"ExpectType\":0,\"Goto\":0,\"Id\":2,\"IsErrorHandler\":true,\"IsGotoDestination\":false,\"IsParent\":false,\"ParentName\":\"Error handling\",\"Response\":\"&lt;&lt;exitcommand&gt;&gt;@Failure(Password is too short)\",\"Stimulus\":\"(?i)Your password is too short and must be changed\",\"UseErrorHandling\":false}]",
	"custommetadatareplacepublickey":"[{\"Action\":0,\"ExpectType\":0,\"Goto\":0,\"Id\":1,\"IsErrorHandler\":false,\"IsGotoDestination\":false,\"IsParent\":true,\"ParentName\":\"After login\",\"Response\":null,\"Stimulus\":null,\"UseErrorHandling\":false},{\"Action\":0,\"ExpectType\":0,\"Goto\":0,\"Id\":1,\"IsErrorHandler\":false,\"IsGotoDestination\":false,\"IsParent\":false,\"ParentName\":\"After login\",\"Response\":null,\"Stimulus\":null,\"UseErrorHandling\":true},{\"Action\":3,\"ExpectType\":0,\"Goto\":0,\"Id\":2,\"IsErrorHandler\":true,\"IsGotoDestination\":false,\"IsParent\":true,\"ParentName\":\"Error handling\",\"Response\":null,\"Stimulus\":null,\"UseErrorHandling\":false},{\"Action\":3,\"ExpectType\":0,\"Goto\":0,\"Id\":2,\"IsErrorHandler\":true,\"IsGotoDestination\":false,\"IsParent\":false,\"ParentName\":\"Error handling\",\"Response\":null,\"Stimulus\":null,\"UseErrorHandling\":false}]"},
	"work":[
			{"expect":[
				{"char_delay":-1,"expect":[
				{"char_delay":-1,"expect":[],"id":"", "line_delay":-1,"response":"&lt;&lt;exitcommand&gt;&gt;@Failure(Error)", "stimulus":"@RE(% (?i)(Error|Cancelled))", "timeout":0},
				{"char_delay":-1,"expect":[],"id":"", "line_delay":-1,"response":"&lt;&lt;exitcommand&gt;&gt;@Failure(Access denied)", "stimulus":"@RE((?i)Access denied)", "timeout":0},
				{"char_delay":-1,"expect":[],"id":"", "line_delay":-1,"response":"&lt;&lt;exitcommand&gt;&gt;@Failure(Password is too short)", "stimulus":"@RE((?i)Your password is too short and must be changed)", "timeout":0},
				{"char_delay":-1,"expect":[],"id":"", "line_delay":-1,"response":"&lt;&lt;exitcommand&gt;&gt;@Failure(Session timed out)", "stimulus":"@RE(% (?i)Session timed out)", "timeout":0},
				{"char_delay":-1,"expect":[],"id":"", "line_delay":-1,"response":"&lt;&lt;exitcommand&gt;&gt;@Failure(Local user does not exist)", "stimulus":"@RE(add-local-user\\[&lt;&lt;manacctname&gt;&gt;\\])", "timeout":0},
				{"char_delay":-1,"expect":[
				{"char_delay":-1,"expect":[],"id":"", "line_delay":-1,"response":"&lt;&lt;exitcommand&gt;&gt;@Failure(Error)", "stimulus":"@RE(% (?i)(Error|Cancelled))", "timeout":0},
				{"char_delay":-1,"expect":[],"id":"", "line_delay":-1,"response":"&lt;&lt;exitcommand&gt;&gt;@Failure(Access denied)", "stimulus":"@RE((?i)Access denied)", "timeout":0},
				{"char_delay":-1,"expect":[],"id":"", "line_delay":-1,"response":"&lt;&lt;exitcommand&gt;&gt;@Failure(Password is too short)", "stimulus":"@RE((?i)Your password is too short and must be changed)", "timeout":0},
				{"char_delay":-1,"expect":[],"id":"", "line_delay":-1,"response":"&lt;&lt;exitcommand&gt;&gt;@Failure(Session timed out)", "stimulus":"@RE(% (?i)Session timed out)", "timeout":0},
				{"char_delay":-1,"expect":[],"id":"", "line_delay":-1,"response":"&lt;&lt;exitcommand&gt;&gt;@Failure(Local user does not exist)", "stimulus":"@RE(add-local-user\\[&lt;&lt;manacctname&gt;&gt;\\])", "timeout":0},
				{"char_delay":-1,"expect":[
				{"char_delay":-1,"expect":[],"id":"", "line_delay":-1,"response":"&lt;&lt;exitcommand&gt;&gt;@Failure(Error)", "stimulus":"@RE(% (?i)(Error|Cancelled))", "timeout":0},
				{"char_delay":-1,"expect":[],"id":"", "line_delay":-1,"response":"&lt;&lt;exitcommand&gt;&gt;@Failure(Access denied)", "stimulus":"@RE((?i)Access denied)", "timeout":0},
				{"char_delay":-1,"expect":[],"id":"", "line_delay":-1,"response":"&lt;&lt;exitcommand&gt;&gt;@Failure(Password is too short)", "stimulus":"@RE((?i)Your password is too short and must be changed)", "timeout":0},
				{"char_delay":-1,"expect":[],"id":"", "line_delay":-1,"response":"&lt;&lt;exitcommand&gt;&gt;@Failure(Session timed out)", "stimulus":"@RE(% (?i)Session timed out)", "timeout":0},
				{"char_delay":-1,"expect":[],"id":"", "line_delay":-1,"response":"&lt;&lt;exitcommand&gt;&gt;@Failure(Local user does not exist)", "stimulus":"@RE(add-local-user\\[&lt;&lt;manacctname&gt;&gt;\\])", "timeout":0},
				{"char_delay":-1,"expect":[
				{"char_delay":-1,"expect":[],"id":"", "line_delay":-1,"response":"&lt;&lt;exitcommand&gt;&gt;@Failure(Error)", "stimulus":"@RE(% (?i)(Error|Cancelled))", "timeout":0},
				{"char_delay":-1,"expect":[],"id":"", "line_delay":-1,"response":"&lt;&lt;exitcommand&gt;&gt;@Failure(Access denied)", "stimulus":"@RE((?i)Access denied)", "timeout":0},
				{"char_delay":-1,"expect":[],"id":"", "line_delay":-1,"response":"&lt;&lt;exitcommand&gt;&gt;@Failure(Password is too short)", "stimulus":"@RE((?i)Your password is too short and must be changed)", "timeout":0},
				{"char_delay":-1,"expect":[],"id":"", "line_delay":-1,"response":"&lt;&lt;exitcommand&gt;&gt;@Failure(Session timed out)", "stimulus":"@RE(% (?i)Session timed out)", "timeout":0},
				{"char_delay":-1,"expect":[],"id":"", "line_delay":-1,"response":"&lt;&lt;exitcommand&gt;&gt;@Failure(Local user does not exist)", "stimulus":"@RE(add-local-user\\[&lt;&lt;manacctname&gt;&gt;\\])", "timeout":0},
				{"char_delay":-1,"expect":[
				{"char_delay":-1,"expect":[],"id":"", "line_delay":-1,"response":"&lt;&lt;exitcommand&gt;&gt;@Failure(Error)", "stimulus":"@RE(% (?i)(Error|Cancelled))", "timeout":0},
				{"char_delay":-1,"expect":[],"id":"", "line_delay":-1,"response":"&lt;&lt;exitcommand&gt;&gt;@Failure(Access denied)", "stimulus":"@RE((?i)Access denied)", "timeout":0},
				{"char_delay":-1,"expect":[],"id":"", "line_delay":-1,"response":"&lt;&lt;exitcommand&gt;&gt;@Failure(Password is too short)", "stimulus":"@RE((?i)Your password is too short and must be changed)", "timeout":0},
				{"char_delay":-1,"expect":[],"id":"", "line_delay":-1,"response":"&lt;&lt;exitcommand&gt;&gt;@Failure(Session timed out)", "stimulus":"@RE(% (?i)Session timed out)", "timeout":0},
				{"char_delay":-1,"expect":[],"id":"", "line_delay":-1,"response":"&lt;&lt;exitcommand&gt;&gt;@Failure(Local user does not exist)", "stimulus":"@RE(add-local-user\\[&lt;&lt;manacctname&gt;&gt;\\])", "timeout":0},
				{"char_delay":-1,"expect":[],"id":"", "line_delay":-1,"response":"&lt;&lt;exitcommand&gt;&gt;@Success(Password change succeeded)", "stimulus":"@RE(% Changes made)", "timeout":-1}],
	"id":"", "line_delay":-1,"response":"admin-password old-password &lt;&lt;manacctoldpwd&gt;&gt; new-password &lt;&lt;manacctnewpwd&gt;&gt; confirm-password &lt;&lt;manacctnewpwd&gt;&gt;&lt;&lt;endofline&gt;&gt;", "stimulus":"@RE(\\(config-administration\\)#)", "timeout":-1}],
	"id":"", "line_delay":-1,"response":"administration&lt;&lt;endofline&gt;&gt;", "stimulus":"@RE(admin-name &lt;&lt;manacctname&gt;&gt;)", "timeout":-1},
				{"char_delay":-1,"expect":[
				{"char_delay":-1,"expect":[],"id":"", "line_delay":-1,"response":"&lt;&lt;exitcommand&gt;&gt;@Failure(Error)", "stimulus":"@RE(% (?i)(Error|Cancelled))", "timeout":0},
				{"char_delay":-1,"expect":[],"id":"", "line_delay":-1,"response":"&lt;&lt;exitcommand&gt;&gt;@Failure(Access denied)", "stimulus":"@RE((?i)Access denied)", "timeout":0},
				{"char_delay":-1,"expect":[],"id":"", "line_delay":-1,"response":"&lt;&lt;exitcommand&gt;&gt;@Failure(Password is too short)", "stimulus":"@RE((?i)Your password is too short and must be changed)", "timeout":0},
				{"char_delay":-1,"expect":[],"id":"", "line_delay":-1,"response":"&lt;&lt;exitcommand&gt;&gt;@Failure(Session timed out)", "stimulus":"@RE(% (?i)Session timed out)", "timeout":0},
				{"char_delay":-1,"expect":[],"id":"", "line_delay":-1,"response":"&lt;&lt;exitcommand&gt;&gt;@Failure(Local user does not exist)", "stimulus":"@RE(add-local-user\\[&lt;&lt;manacctname&gt;&gt;\\])", "timeout":0},
				{"char_delay":-1,"expect":[
				{"char_delay":-1,"expect":[],"id":"", "line_delay":-1,"response":"&lt;&lt;exitcommand&gt;&gt;@Failure(Error)", "stimulus":"@RE(% (?i)(Error|Cancelled))", "timeout":0},
				{"char_delay":-1,"expect":[],"id":"", "line_delay":-1,"response":"&lt;&lt;exitcommand&gt;&gt;@Failure(Access denied)", "stimulus":"@RE((?i)Access denied)", "timeout":0},
				{"char_delay":-1,"expect":[],"id":"", "line_delay":-1,"response":"&lt;&lt;exitcommand&gt;&gt;@Failure(Password is too short)", "stimulus":"@RE((?i)Your password is too short and must be changed)", "timeout":0},
				{"char_delay":-1,"expect":[],"id":"", "line_delay":-1,"response":"&lt;&lt;exitcommand&gt;&gt;@Failure(Session timed out)", "stimulus":"@RE(% (?i)Session timed out)", "timeout":0},
				{"char_delay":-1,"expect":[],"id":"", "line_delay":-1,"response":"&lt;&lt;exitcommand&gt;&gt;@Failure(Local user does not exist)", "stimulus":"@RE(add-local-user\\[&lt;&lt;manacctname&gt;&gt;\\])", "timeout":0},
				{"char_delay":-1,"expect":[
				{"char_delay":-1,"expect":[],"id":"", "line_delay":-1,"response":"&lt;&lt;exitcommand&gt;&gt;@Failure(Error)", "stimulus":"@RE(% (?i)(Error|Cancelled))", "timeout":0},
				{"char_delay":-1,"expect":[],"id":"", "line_delay":-1,"response":"&lt;&lt;exitcommand&gt;&gt;@Failure(Access denied)", "stimulus":"@RE((?i)Access denied)", "timeout":0},
				{"char_delay":-1,"expect":[],"id":"", "line_delay":-1,"response":"&lt;&lt;exitcommand&gt;&gt;@Failure(Password is too short)", "stimulus":"@RE((?i)Your password is too short and must be changed)", "timeout":0},
				{"char_delay":-1,"expect":[],"id":"", "line_delay":-1,"response":"&lt;&lt;exitcommand&gt;&gt;@Failure(Session timed out)", "stimulus":"@RE(% (?i)Session timed out)", "timeout":0},
				{"char_delay":-1,"expect":[],"id":"", "line_delay":-1,"response":"&lt;&lt;exitcommand&gt;&gt;@Failure(Local user does not exist)", "stimulus":"@RE(add-local-user\\[&lt;&lt;manacctname&gt;&gt;\\])", "timeout":0},
				{"char_delay":-1,"expect":[
				{"char_delay":-1,"expect":[],"id":"", "line_delay":-1,"response":"&lt;&lt;exitcommand&gt;&gt;@Failure(Error)", "stimulus":"@RE(% (?i)(Error|Cancelled))", "timeout":0},
				{"char_delay":-1,"expect":[],"id":"", "line_delay":-1,"response":"&lt;&lt;exitcommand&gt;&gt;@Failure(Access denied)", "stimulus":"@RE((?i)Access denied)", "timeout":0},
				{"char_delay":-1,"expect":[],"id":"", "line_delay":-1,"response":"&lt;&lt;exitcommand&gt;&gt;@Failure(Password is too short)", "stimulus":"@RE((?i)Your password is too short and must be changed)", "timeout":0},
				{"char_delay":-1,"expect":[],"id":"", "line_delay":-1,"response":"&lt;&lt;exitcommand&gt;&gt;@Failure(Session timed out)", "stimulus":"@RE(% (?i)Session timed out)", "timeout":0},
				{"char_delay":-1,"expect":[],"id":"", "line_delay":-1,"response":"&lt;&lt;exitcommand&gt;&gt;@Failure(Local user does not exist)", "stimulus":"@RE(add-local-user\\[&lt;&lt;manacctname&gt;&gt;\\])", "timeout":0},
				{"char_delay":-1,"expect":[],"id":"", "line_delay":-1,"response":"&lt;&lt;exitcommand&gt;&gt;@Success(Password change succeeded)", "stimulus":"@RE(% (?i)Changes made)", "timeout":-1}],
	"id":"", "line_delay":-1,"response":"commit&lt;&lt;endofline&gt;&gt;", "stimulus":"@RE(\\(edit-local-user\\[&lt;&lt;manacctname&gt;&gt;\\]\\)# $)", "timeout":-1}],
	"id":"", "line_delay":-1,"response":"password &lt;&lt;manacctnewpwd&gt;&gt;&lt;&lt;endofline&gt;&gt;", "stimulus":"@RE(\\(edit-local-user\\[&lt;&lt;manacctname&gt;&gt;\\]\\)# $)", "timeout":-1}],
	"id":"", "line_delay":-1,"response":"user &lt;&lt;manacctname&gt;&gt;&lt;&lt;endofline&gt;&gt;", "stimulus":"@RE(\\(config-user-local\\)# $)", "timeout":-1}],
	"id":"", "line_delay":-1,"response":"user local-users&lt;&lt;endofline&gt;&gt;", "stimulus":"@RE(config\\(.+\\)# $)", "timeout":-1}],
	"id":"", "line_delay":-1,"response":"no&lt;&lt;endofline&gt;&gt;", "stimulus":"@RE((?i)Do you wish to preempt them \\(yes\/no\\)\\?)", "timeout":-1},
				{"char_delay":-1,"expect":[
				{"char_delay":-1,"expect":[],"id":"", "line_delay":-1,"response":"&lt;&lt;exitcommand&gt;&gt;@Failure(Error)", "stimulus":"@RE(% (?i)(Error|Cancelled))", "timeout":0},
				{"char_delay":-1,"expect":[],"id":"", "line_delay":-1,"response":"&lt;&lt;exitcommand&gt;&gt;@Failure(Access denied)", "stimulus":"@RE((?i)Access denied)", "timeout":0},
				{"char_delay":-1,"expect":[],"id":"", "line_delay":-1,"response":"&lt;&lt;exitcommand&gt;&gt;@Failure(Password is too short)", "stimulus":"@RE((?i)Your password is too short and must be changed)", "timeout":0},
				{"char_delay":-1,"expect":[],"id":"", "line_delay":-1,"response":"&lt;&lt;exitcommand&gt;&gt;@Failure(Session timed out)", "stimulus":"@RE(% (?i)Session timed out)", "timeout":0},
				{"char_delay":-1,"expect":[],"id":"", "line_delay":-1,"response":"&lt;&lt;exitcommand&gt;&gt;@Failure(Local user does not exist)", "stimulus":"@RE(add-local-user\\[&lt;&lt;manacctname&gt;&gt;\\])", "timeout":0},
				{"char_delay":-1,"expect":[
				{"char_delay":-1,"expect":[],"id":"", "line_delay":-1,"response":"&lt;&lt;exitcommand&gt;&gt;@Failure(Error)", "stimulus":"@RE(% (?i)(Error|Cancelled))", "timeout":0},
				{"char_delay":-1,"expect":[],"id":"", "line_delay":-1,"response":"&lt;&lt;exitcommand&gt;&gt;@Failure(Access denied)", "stimulus":"@RE((?i)Access denied)", "timeout":0},
				{"char_delay":-1,"expect":[],"id":"", "line_delay":-1,"response":"&lt;&lt;exitcommand&gt;&gt;@Failure(Password is too short)", "stimulus":"@RE((?i)Your password is too short and must be changed)", "timeout":0},
				{"char_delay":-1,"expect":[],"id":"", "line_delay":-1,"response":"&lt;&lt;exitcommand&gt;&gt;@Failure(Session timed out)", "stimulus":"@RE(% (?i)Session timed out)", "timeout":0},
				{"char_delay":-1,"expect":[],"id":"", "line_delay":-1,"response":"&lt;&lt;exitcommand&gt;&gt;@Failure(Local user does not exist)", "stimulus":"@RE(add-local-user\\[&lt;&lt;manacctname&gt;&gt;\\])", "timeout":0}],
	"id":"", "line_delay":-1,"response":"show administration&lt;&lt;endofline&gt;&gt;", "stimulus":"@RE(config\\(.+\\)# $)", "timeout":-1}],
	"id":"", "line_delay":-1,"response":"no cli pager session&lt;&lt;endofline&gt;&gt;", "stimulus":"@RE(config\\(.+\\)# $)", "timeout":-1}],
	"id":"", "line_delay":-1,"response":"configure&lt;&lt;endofline&gt;&gt;", "stimulus":"@RE(&lt;&lt;funcacctname&gt;&gt;.+&gt;)", "timeout":-1}],
	"id":"", "line_delay":-1,"response":"&lt;&lt;funcacctpwd&gt;&gt;&lt;&lt;endofline&gt;&gt;", "stimulus":"@RE(Password:$)", "timeout":-1}],
	"name":"ChangePassword",
	"type":1},{"expect":[
				{"char_delay":-1,"expect":[
				{"char_delay":-1,"expect":[],"id":"", "line_delay":-1,"response":"&lt;&lt;exitcommand&gt;&gt;@Failure(Error)", "stimulus":"@RE(% (?i)(Error|Cancelled))", "timeout":0},
				{"char_delay":-1,"expect":[],"id":"", "line_delay":-1,"response":"&lt;&lt;exitcommand&gt;&gt;@Failure(Access denied)", "stimulus":"@RE((?i)Access denied)", "timeout":0},
				{"char_delay":-1,"expect":[],"id":"", "line_delay":-1,"response":"&lt;&lt;exitcommand&gt;&gt;@Failure(Password is too short)", "stimulus":"@RE((?i)Your password is too short and must be changed)", "timeout":0},
				{"char_delay":-1,"expect":[],"id":"", "line_delay":-1,"response":"&lt;&lt;exitcommand&gt;&gt;@Success(Password change succeeded)", "stimulus":"@RE(&lt;&lt;manacctname&gt;&gt;.+&gt;)", "timeout":-1}],
	"id":"", "line_delay":-1,"response":"&lt;&lt;manacctoldpwd&gt;&gt;&lt;&lt;endofline&gt;&gt;", "stimulus":"@RE(Password:$)", "timeout":-1}],
	"name":"CheckPassword",
	"type":2},{"expect":[
				{"char_delay":-1,"expect":[
				{"char_delay":-1,"expect":[],"id":"", "line_delay":-1,"response":"&lt;&lt;exitcommand&gt;&gt;@Failure(Error)", "stimulus":"@RE()", "timeout":0}],
	"id":"", "line_delay":-1,"response":"&lt;&lt;endofline&gt;&gt;", "stimulus":"@RE()", "timeout":-1}],
	"name":"ReplacePublicKey",
	"type":4}]}</Template>
</CustomPlatform>
